wikidata_id,lat,lon,osm_relation_id,country_qid
Q59126263,56.834669,60.791329,,Q159
Q98546218,49.24564,6.93536,,Q183
Q20455546,5.36,100.54972222,7480595,Q833
Q14489975,16.06838,108.08423,,Q881
Q45007283,32.566944444,117.6375,,Q148
Q986206,31.20781,121.6103,,Q148
Q24836334,31.02137,121.4533,,Q148
Q120017310,34.98756,118.25174,,Q148
Q126100978,31.774133341,34.661706486,,Q801
Q56367791,49.813283,24.022484,,Q212
Q97497375,24.06624,90.22681,,Q902
Q13671540,31.1677,121.42515,,Q148
Q122210012,23.3537797,91.1474193,,Q902
Q6840705,20.998144,105.542221,,Q881
Q138634659,22.7161499,90.3491108,,Q902
Q16518261,59.905833333,30.493888888,,Q159
Q10345369,-12.9234309,-38.3880625,,Q155
Q4259473,19.716111111,-156.033611111,,Q30
Q3011553,50.8777,4.412,,Q31
Q3364340,43.962261,4.753935,,Q142
Q403265,42.94446111,-2.66426944,,Q29
Q2974822,50.605555555,3.138611111,7944808,Q142
Q4222421,53.902954,27.976906,,Q184
Q140387159,52.292123,6.784539,,Q55
Q28778,39.637786,2.631011,,Q29
Q15788726,52.625728,13.500843,,Q183
Q2893798,51.8181,-1.30667,,Q145
Q3151103,50.45833333,3.92777778,,Q31
Q4006932,45.471,12.2555,,Q38
Q9266578,54.3549,18.5934,,Q36
Q24944600,50.01975,19.895944,,Q36
Q2297688,48.681,8.97374,,Q183
Q839210,22.426565,114.211248888,,Q148
Q3895445,45.302701,9.479377,,Q38
Q668385,45.657541,13.827782,,Q38
Q3968168,37.4069,-122.1518,,Q30
Q4361441,59.87885278,29.82883889,,Q159
Q717461,24.78,121.013611111,4125319,Q865
Q1002766,54.9376,83.1825,,Q159
Q6062532,-34.871416666,-56.250472222,,Q77
Q704542,23.10127,120.282215,,Q865
Q136401753,39.9906375,46.9522781,,Q227
Q3275187,52.233888888,0.144444444,,Q145
Q287340,50.6032,3.1532,7944809,Q142
Q1262899,25.095,55.16,,Q878
Q2537326,52.430226,13.531154,,Q183
Q11247714,52.45496389,16.95380278,,Q36
Q2399528,51.7013,8.7647,,Q183
Q1187093,35.908055555,-78.862777777,,Q30
Q197834,39.98116667,116.30894444,,Q148
Q2888581,41.5208,-4.7179,,Q29
Q3621988,41.839166666,12.646944444,,Q38
Q3732712,44.42444444,8.86388889,,Q38
Q3895761,42.9351,10.918372,,Q38
Q1887028,54.601774,22.181894,,Q159
Q1543218,52.1174,0.22322,,Q145
Q3726414,45.08795,7.672457,,Q38
Q1091661,50.929983,5.39722681,,Q31
Q1359930,43.622222222,7.05,13513971,Q142
Q30539483,52.481666666,13.356666666,,Q183
Q519826,37.686,-121.7095,,Q30
Q2449081,52.30136,7.43887,,Q183
Q9182600,53.0756,18.0689,,Q36
Q106927091,52.414262,9.6354743,,Q183
Q30903750,53.106972,23.193361,,Q36
Q197386,55.95,38.05,,Q159
Q1967862,53.9267,27.6889,,Q184
Q11811483,49.8331,18.9758,,Q36
Q116775366,-6.970472222,107.630333333,,Q252
Q2502991,51.9892,4.3856,,Q55
Q1141453,45.4396,7.82773,,Q38
Q402956,43.29025833,-2.859475,,Q29
Q1091186,55.6975,37.35777778,,Q159
Q6062068,43.45145556,-3.87448333,,Q29
Q4056106,-33.8947,151.196,,Q408
Q3045584,51.40972,5.45444,,Q55
Q2399524,51.4913,7.40372,,Q183
Q3661247,-1.689,37.185,,Q114
Q3815099,41.5279,2.43464,,Q29
Q24064360,53.106666666,8.855,,Q183
Q24026883,46.614526,14.2634,,Q40
Q3558232,60.226869189,25.016112672,,Q33
Q4139013,40.2725,44.34583333,,Q399
Q123012891,50.278778743,18.683081842,,Q36
Q4598152,36.7384,-4.5542,14279954,Q29
Q136505902,44.20060675,12.06688273,,Q38
Q3364768,50.664389,4.62706804,,Q31
Q1378319,51.4703,6.63861,,Q183
Q24946499,52.9993,18.6551,,Q36
Q28770190,50.958799,7.187239,,Q183
Q4201239,55.7505,48.747,5293421,Q159
Q3147850,55.713888888,13.216666666,,Q34
Q760517,48.33,10.8902,,Q183
Q1609378,52.3803,13.065,,Q183
Q10542829,56.670194444,16.377611111,,Q34
Q7934608,37.204,-80.412,,Q30
Q7058524,54.608,-5.903,,Q145
Q7646838,51.239,-0.612987,,Q145
Q7692758,42.296300117,-7.800407352,,Q29
Q6366127,22.83444444,120.25694444,,Q865
Q17028810,39.993381,116.324495,,Q148
Q7895387,50.7311,-3.4565,,Q145
Q6807075,41.276,1.987,,Q29
Q6745074,52.1048,-2.3115,,Q145
Q6063230,42.580194444,-5.595638888,,Q29
Q10507672,58.391666666,13.856944444,,Q34
Q10345371,-23.157305555,-45.792277777,,Q155
Q6552489,57.706944444,11.94,,Q34
Q6477131,28.36722222,-81.28027778,,Q30
Q5328863,51.5257,-0.0875,,Q145
Q4914701,40.360428,-8.606848,,Q45
Q8075702,51.01057,3.71051,,Q31
Q4381443,14.0786,100.6037,,Q869
Q11374832,34.994833,135.737778,14137253,Q17
Q5741496,61.446944444,23.86,,Q33
Q10876715,24.21,120.61816667,,Q865
Q7894587,39.956327,-75.191787,,Q30
Q5281955,40.4224,-86.9232,,Q30
Q4456911,54.857907,83.111602,,Q159
Q16971357,39.2498,-76.7123,,Q30
Q6062063,43.522601251,-5.612726211,,Q29
Q11823726,54.4961,18.5375,,Q36
Q6726840,32.65972222,-16.92611111,,Q45
Q5384972,50.81698056,4.26673056,,Q31
Q4597611,52.355555555,4.953611111,,Q55
Q11602890,36.08347,140.07644,,Q17
Q16847353,41.661388888,-86.257777777,,Q30
Q4884724,58.39416667,15.56027778,,Q34
Q6999841,54.670277777,-1.450833333,,Q145
Q6216473,57.68474722,11.97796667,,Q34
Q18009248,41.9673,2.83764,,Q29
Q16129492,31.26373189,34.81106043,,Q801
Q8025062,50.6825,-2.26556,,Q145
Q4835611,-19.885111111,-43.976472222,,Q155
Q7136565,35.728611111,51.825833333,,Q794
Q10566881,22.604722222,120.299444444,,Q865
Q6036185,-37.779,175.308,,Q664
Q16953794,51.5008,-2.4777,,Q145
Q5124178,8.999,-79.583,,Q804
Q4357999,12.98563611,77.73588333,,Q668
Q7702817,57.13777778,65.56666667,,Q159
Q6818056,50.91,4.397,,Q31
Q7680753,50.4175,-4.10889,,Q145
Q6062537,37.146831,-3.604406,,Q29
Q4356487,60.449322,22.293301,,Q33
Q13024187,11.717676,99.756404,,Q869
Q7566994,44.3206,-96.7644,,Q30
Q5877661,37.940661111,-3.79025,,Q29
Q6952426,37.4089,-122.0622,,Q30
Q7523109,1.28911111,103.78102778,,Q334
Q10902331,40.118343,116.476166,,Q148
Q16975637,40.091111111,-88.240166666,,Q30
Q13931398,50.6330372,3.020054,,Q142
Q7061528,52.6239,1.22395,,Q145
Q18588981,53.343,-2.6405,,Q145
Q15267784,39.5161,-0.42233,,Q29
Q4859845,41.384214,2.193572,,Q29
Q12256363,43.2925,-1.985,,Q29
Q18932960,51.9764,5.647,,Q55
Q4354195,35.2236,139.674,,Q17
Q5269620,19.1078,73.0137,,Q668
Q11940149,41.3815,2.11824,,Q29
Q7692579,-31.9973,115.891,,Q408
Q7896520,40.7578,-111.827,,Q30
Q10345370,-21.148198,-47.857789,,Q155
Q7232208,51.134,-1.70159,,Q145
Q7107027,59.94194444,10.71666667,,Q20
Q6036172,30.426,-84.323,,Q30
Q10422767,65.6174142,22.1280032,,Q34
Q4811018,52.488,-1.886,,Q145
Q5194123,34.7237,-86.6478,18502557,Q30
Q139479766,51.883,-8.549,,Q27
Q114167851,56.461839,-3.0506173,,Q145
Q55412048,18.852972222,98.957944444,,Q869
Q108479437,49.2279,16.5776,,Q213
Q63420968,43.421738,-5.8231215,,Q29
Q118107423,24.61895,94.01788,,Q668
Q22058798,28.5134,-80.6739,,Q30
Q114167853,57.22365,-2.3438953,,Q145
Q124248423,65.05896,25.45332,,Q33
Q59535539,46.796835,-71.31623,,Q16
Q59261325,48.335673,14.323613,,Q40
Q115707655,44.520469333,11.359949659,,Q38
Q43967769,45.659596,9.653242,,Q38
Q112122648,55.693406,37.516342,,Q159
Q118310222,59.8442,17.6409,,Q34
Q56293747,46.477777777,11.330277777,,Q38
Q17030796,28.222556,112.899374,,Q148
Q28650892,22.521035893,114.079606361,,Q148
Q62056417,-24.620317,-53.711589,,Q155
Q97189984,62.787424,22.820807,,Q33
Q124312214,58.7694593,17.3873526,,Q34
Q114167849,57.188791,-2.0828729,,Q145
Q109331484,55.699,12.556,,Q35
Q139947683,50.984375,5.78908682,,Q55
Q126173085,51.27894,-0.79095,,Q145
Q25105169,22.6586,114.0466,,Q148
Q124042871,54.576016666,-1.102805555,,Q145
Q29520561,-25.435569,-54.59534,,Q155
Q109906735,49.7237664,13.3361453,,Q213
Q106637552,38.681635,27.312246,,Q43
Q139913700,51.403459,6.1231184,,Q55
Q66731098,40.514542,-3.337953,,Q29
Q135036739,-26.1947326,28.0323773,,Q258
Q29789835,48.161466,17.168691,,Q214
Q115942856,48.0170161,7.829253,,Q183
Q140007272,50.882725,5.97295761,,Q55
Q83213564,51.825,5.82,,Q55
Q65127945,45.518611111,9.106666666,4816893,Q38
Q131220705,38.382318778,-0.524915633,,Q29
Q55750607,43.847,10.977194444,,Q38
Q114167848,57.615639,-3.570898,,Q145
Q63057631,50.728722222,14.006444444,,Q213
Q28683746,35.538227777,139.761577777,,Q17
Q138528013,42.816306885,-1.601338863,,Q29
Q124635430,28.523568251,-13.892855644,,Q29
Q93049675,43.331836358,-8.393519627,,Q29
Q134063383,50.835632,5.71313739,,Q55
Q140289253,30.251764,130.593371,,Q17
Q119438225,53.9489,-1.0457,,Q145
Q84360660,39.862444444,32.735916666,,Q43
Q27702619,51.285251,1.341575,,Q145
Q30296087,48.1891,16.4026,,Q40
Q91736678,52.11942,5.19105,,Q55
Q28415497,22.928611111,120.294444444,,Q865
Q48809369,45.696917,9.035417,,Q38
Q131481206,30.486146669,-84.150036515,,Q30
Q53588580,-23.650646,-46.621845,,Q155
Q98168875,28.468194444,-16.297222222,,Q29
Q134884779,31.07296,120.974394,,Q148
Q65195550,59.350444,18.022722,,Q34
