key,count2000
"-1.3008309,36.8072359",0.0
"-12.0782058,-77.0399865",30.0
"-12.094241,-77.037869",18.0
"-12.9822499,-38.4812772",0.0
"-14.8567487,-40.8414804",0.0
"-2.5387539,140.7037389",0.0
"-22.1646782,144.5844903",0.0
"-22.3880004,-43.1752593",0.0
"-22.8767563,-43.2469314",0.0
"-22.9056391,-47.059564",0.0
"-23.475727,-46.8575864",1.0
"-23.5506507,-46.6333824",0.0
"-23.5570321,-46.6700259",0.0
"-23.585112,-46.7226375",5.0
"-23.5996128,-46.7148798",0.0
"-23.6446564,-46.528415",9.0
"-25.2655556,29.1688889",0.0
"-25.7459277,28.1879101",0.0
"-26.1888766,28.0247912",11.0
"-26.196725,28.0587986",0.0
"-26.205,28.049722",0.0
"-27.4477301,153.0268109",0.0
"-27.4496625,153.0237294",0.0
"-27.4840011,153.026536",0.0
"-27.4981423,153.0111536",0.0
"-27.4987917,153.0328694",0.0
"-27.4988803,153.0316583",0.0
"-27.5124505,153.0459444",0.0
"-27.6034133,-48.5224425",0.0
"-27.959679,153.3817841",0.0
"-27.9633383,153.384692",0.0
"-27.9687807,153.4066696",0.0
"-28.7497123,24.7649375",0.0
"-29.8618145,31.009909",0.0
"-29.8664426,30.9813099",0.0
"-30.0159997,-51.1586261",0.0
"-30.0324999,-51.2303767",0.0
"-30.0386784,-51.2066248",0.0
"-30.0590315,-51.2289574",0.0
"-31.4166867,-64.1834193",0.0
"-31.4299499,152.9103525",0.0
"-31.950652,115.7978755",0.0
"-31.9533073,115.865901",0.0
"-31.9558967,115.8605784",0.0
"-31.968899,115.8094853",0.0
"-31.9693254,115.8170862",0.0
"-31.9799209,115.8057167",0.0
"-32.0680409,115.8448426",0.0
"-32.8774259,-68.875345",0.0
"-32.8927988,151.7011832",0.0
"-32.8950307,151.6978663",0.0
"-32.9023676,151.7312067",0.0
"-32.9219887,151.6986149",0.0
"-33.0449391,-71.6067573",20.0
"-33.1237585,-64.3489782",2.0
"-33.3925103,-70.5729919",0.0
"-33.4042446,-70.5066013",0.0
"-33.4376995,-70.6510671",0.0
"-33.4389599,-70.6223892",0.0
"-33.4417748,-70.6403258",55.0
"-33.443867,-70.6506654",0.0
"-33.4460529,-70.6679426",0.0
"-33.4489016,-70.6816237",0.0
"-33.4494861,-70.6581174",0.0
"-33.4514855,-70.6669849",0.0
"-33.4580688,-70.6634338",83.0
"-33.774197,151.1127138",0.0
"-33.7758881,150.9171174",1.0
"-33.802589,150.9930356",0.0
"-33.8076498,150.9877265",0.0
"-33.8317804,151.201768",1.0
"-33.8475577,151.0729152",0.0
"-33.8644304,151.2022166",0.0
"-33.8687407,151.2094196",0.0
"-33.8698439,151.2082848",8.0
"-33.8832536,151.2003294",0.0
"-33.8848137,151.1876445",0.0
"-33.8889072,151.1894111",9.0
"-33.889186,151.181472",0.0
"-33.8896116,151.1800986",0.0
"-33.8909609,151.2275052",3.0
"-33.8913312,151.1822104",8.0
"-33.9167613,151.2355068",0.0
"-33.9170172,151.2251677",4.0
"-33.9175994,151.2312369",4.0
"-33.9176741,151.2383822",0.0
"-33.9458375,151.2431948",0.0
"-33.9567558,18.4675777",6.0
"-33.9670898,151.1340107",0.0
"-33.9847222,18.4625",0.0
"-34.0695548,150.7934788",1.0
"-34.4278083,150.893054",0.0
"-34.456293,-58.8642114",0.0
"-34.4901516,-58.8598887",0.0
"-34.5086718,-58.688352",0.0
"-34.5718124,-58.451801",0.0
"-34.5779656,-58.404202",8.0
"-34.5802662,-58.523858",0.0
"-34.5826124,-58.4291436",0.0
"-34.6078588,-58.4236777",0.0
"-34.6095579,-58.3887904",0.0
"-34.8836476,138.5341211",0.0
"-34.9206029,138.5866101",0.0
"-34.9281805,138.5999312",7.0
"-35.0213894,138.5688386",2.0
"-35.0248752,138.5734181",0.0
"-35.2365904,149.0845097",0.0
"-35.2828643,149.1209536",3.0
"-36.8328607,-73.0327515",0.0
"-36.852095,174.7631803",0.0
"-36.8596021,174.7697596",0.0
"-36.8596816,174.7697978",0.0
"-36.9641355,174.8424205",0.0
"-37.4539322,-61.9405031",0.0
"-37.5592658,143.8465183",0.0
"-37.6982468,145.0596757",3.0
"-37.7524788,145.0701284",0.0
"-37.7545198,144.9807272",0.0
"-37.7839745,144.9586743",0.0
"-37.7871148,144.9515533",0.0
"-37.7878809,175.281788",0.0
"-37.7960451,144.9610195",0.0
"-37.7969983,144.954471",0.0
"-37.8002283,144.9566943",46.0
"-37.8004228,144.9684343",0.0
"-37.8070939,144.9746855",50.0
"-37.8136145,145.1184053",0.0
"-37.8142454,144.9631732",0.0
"-37.8241371,144.9170886",0.0
"-37.8576088,145.0350666",0.0
"-37.9136906,145.1317971",3.0
"-37.9143766,145.1316672",0.0
"-37.9154576,145.1356034",0.0
"-37.9294344,145.1390557",0.0
"-38.1457064,145.1263742",0.0
"-38.7358908,-72.590538",0.0
"-39.8141262,-73.2459859",0.0
"-41.2887953,174.7772114",0.0
"-41.2909873,174.7683059",7.0
"-41.3088882,174.7802407",0.0
"-42.8825088,147.3281233",4.0
"-45.8694375,170.5087334",0.0
"-6.9411136,107.6661288",0.0
"-7.2663606,112.7862198",0.0
"1.2793412,103.8366065",2.0
"1.2803907,103.8384671",0.0
"1.2810701,103.8341581",0.0
"1.2854865,103.8396604",0.0
"1.2899175,103.8519072",0.0
"1.2939528,103.7824546",0.0
"1.2942758,103.7830488",0.0
"1.2959845,103.7766186",12.0
"1.2959872,103.7816726",0.0
"1.2962018,103.7768977",0.0
"1.3019927,103.7937682",0.0
"1.3105297,103.8467804",6.0
"1.3350784,103.7470316",0.0
"1.3484104,103.6829332",0.0
"10.0050587,76.367342",0.0
"10.0781833,78.7990272",6.0
"10.7320052,106.6984654",0.0
"10.7737261,106.7166008",0.0
"10.9628655,79.3853065",0.0
"11.1803845,-4.3050849",0.0
"11.2450558,75.7754716",0.0
"11.8540901,38.0434564",0.0
"12.1191543,15.0502758",0.0
"12.3681873,-1.5270944",0.0
"12.5825113,37.4425981",0.0
"12.8792168,79.1300117",0.0
"12.9342358,77.5343239",0.0
"12.9767936,77.590082",0.0
"13.0222347,77.5671832",0.0
"13.0719044,77.5781953",0.0
"13.0836939,80.270186",0.0
"13.0937908,77.5763429",0.0
"13.1242216,77.6147187",0.0
"13.7645937,100.5331697",0.0
"13.8784212,100.5699587",0.0
"14.0793369,100.5885128",0.0
"14.089068,-87.1972827",0.0
"14.9147209,-23.5157764",0.0
"15.361165,75.133643",2.0
"15.7763925,108.331904",0.0
"16.9734448,42.546317",0.0
"17.360589,78.4740613",0.0
"17.4367771,78.3815497",0.0
"17.5922751,78.1221891",0.0
"17.7094917,83.3009633",0.0
"18.0884354,42.713291",0.0
"18.384239,-66.05344",0.0
"18.4360271,-66.2003846",0.0
"18.8009264,98.9521552",0.0
"19.0374238,72.924454",0.0
"19.1326186,72.9149702",0.0
"19.3207722,-99.1514678",0.0
"19.3587457,-99.2728019",0.0
"2.8029227,101.8001051",0.0
"20.0618533,110.1870672",0.0
"20.2602964,85.8394521",0.0
"21.0283334,105.854041",0.0
"21.0283693,105.8469974",0.0
"21.0390039,105.7842623",0.0
"21.0684425,80.7970779",0.0
"21.2737079,110.3548318",0.0
"21.4294717,40.4766272",0.0
"21.4934146,39.2485449",22.0
"21.5789439,40.1245552",0.0
"22.1526454,113.568041",0.0
"22.2139931,113.5507412",0.0
"22.2481582,92.017677",0.0
"22.2527148,113.5297668",0.0
"22.273734,113.5721327",0.0
"22.2828768,114.1378586",0.0
"22.3044867,114.1796935",0.0
"22.3049255,114.1616003",0.0
"22.3357558,114.1825178",0.0
"22.3400205,114.1697162",0.0
"22.351008,113.5864644",0.0
"22.5197073,113.3872302",0.0
"22.5370531,113.9331054",0.0
"22.5445741,114.0545429",0.0
"22.5466946,114.1184141",0.0
"22.5474928,113.8912031",0.0
"22.550092,114.0493005",0.0
"22.5592647,114.0440949",0.0
"22.5726459,88.3638953",0.0
"22.603603,113.9968497",0.0
"22.6087239,113.1089894",0.0
"22.6477903,120.3102392",0.0
"22.6488589,120.3549046",0.0
"22.6505363,114.5216997",0.0
"22.6910685,114.207366",0.0
"22.7542732,113.9410547",0.0
"22.7547493,113.9410669",0.0
"22.7993363,113.9484996",0.0
"22.8001367,108.3472296",0.0
"22.8157737,108.318024",0.0
"22.9659968,89.8173175",0.0
"22.9831282,113.7641975",0.0
"23.0020611,120.219741",0.0
"23.0054188,113.2494952",0.0
"23.0183568,113.7452332",0.0
"23.0195072,113.4100461",0.0
"23.0216627,120.2215105",0.0
"23.0239788,113.1159558",0.0
"23.0373068,72.5447481",0.0
"23.0422533,113.4226338",0.0
"23.0996034,113.2923509",0.0
"23.1090145,113.3191477",0.0
"23.1125153,114.4127007",0.0
"23.1205707,113.2288682",0.0
"23.1255194,113.3191119",0.0
"23.1266611,113.396205",0.0
"23.1271095,113.2816692",0.0
"23.1288429,113.2589581",0.0
"23.1430189,113.3386042",0.0
"23.1513628,113.3015149",0.0
"23.1526233,113.2522641",0.0
"23.163608,113.2004916",0.0
"23.1676762,113.4479154",0.0
"23.1677396,113.3489458",1.0
"23.1784108,113.3513314",0.0
"23.1899352,113.3296269",0.0
"23.4870952,120.4618156",0.0
"23.5015262,120.4519677",0.0
"23.6012628,72.3741516",0.0
"23.7263266,90.4227994",2.0
"23.7312443,90.3915283",27.0
"23.7733146,90.424371",0.0
"23.815387,90.4261059",0.0
"23.8825492,90.2670388",0.0
"23.9108311,106.0728502",0.0
"24.0462096,120.6860308",0.0
"24.120844,120.6757137",0.0
"24.1540152,120.6833489",0.0
"24.1971844,55.6805834",0.0
"24.2448223,89.9128087",1.0
"24.4399419,118.0930178",0.0
"24.4479513,54.3955267",0.0
"24.4536863,118.0829001",0.0
"24.4855291,39.5428073",0.0
"24.4898318,86.6990182",0.0
"24.5082723,118.1074192",0.0
"24.523789,54.4347607",0.0
"24.638916,46.7160104",0.0
"24.706979,120.914761",0.0
"24.7248229,46.6233911",0.0
"24.7601353,105.2636737",0.0
"24.9796041,121.5880572",0.0
"24.9929995,121.3010003",0.0
"25.0009993,109.3414252",0.0
"25.0168175,121.5384571",0.0
"25.0252486,121.5614621",0.0
"25.0347435,102.7096647",0.0
"25.0399353,102.7169061",0.0
"25.0529979,121.6070593",0.0
"25.0775308,121.3916021",0.0
"25.1210142,121.5197341",0.0
"25.1224685,121.5129127",0.0
"25.1901863,118.338717",0.0
"25.2531083,51.4769048",0.0
"25.2848034,55.3215493",0.0
"25.3108807,51.5081812",0.0
"25.3719714,51.4879579",0.0
"25.4694307,30.5859416",0.0
"25.6705942,-100.3441603",0.0
"25.6851342,-80.338609",0.0
"25.6867061,-80.3368587",0.0
"25.7063713,119.3740652",1.0
"25.7172725,-80.2787069",0.0
"25.7741566,-80.1935973",0.0
"25.7885332,-80.2140065",0.0
"25.8332103,114.9287362",0.0
"25.9672332,119.6419367",0.0
"25.9873137,-80.2322706",0.0
"26.0061943,-80.2872086",0.0
"26.0296966,-80.2459321",0.0
"26.057783,-80.2695109",0.0
"26.0614068,119.1933416",0.0
"26.0774954,119.2918215",0.0
"26.0908582,43.9864354",0.0
"26.1515809,86.3353714",0.0
"26.1924788,91.6946357",1.0
"26.193218,118.2208721",0.0
"26.2395083,-98.2125487",0.0
"26.3586885,-80.0830984",0.0
"26.504444,102.6314476",0.0
"26.5878031,106.7086936",0.0
"26.6276045,75.0288021",0.0
"26.9260863,80.9381237",0.0
"27.049812,113.55087",0.0
"27.1734749,75.9553184",0.0
"27.2939333,-80.3503283",0.0
"27.4955539,77.6855554",0.0
"27.4989278,-82.5748194",0.0
"27.659483,110.143549",0.0
"27.6817867,85.2822295",0.0
"27.7098965,106.9412934",2.0
"27.7256127,68.8191099",0.0
"27.9371278,-82.4729758",2.0
"27.9449854,-82.4583107",3.0
"27.9963899,120.695345",2.0
"28.0120905,120.6690854",0.0
"28.0640672,-82.4217261",0.0
"28.121004,-15.4447095",0.0
"28.1450774,113.2384362",0.0
"28.1477054,-81.8487852",0.0
"28.1578368,112.9322974",6.0
"28.1843409,113.0783731",0.0
"28.319067,109.770431",0.0
"28.390701,36.4778623",0.0
"28.4568446,-16.291886",0.0
"28.4582345,79.4047452",0.0
"28.4704064,119.9184297",0.0
"28.5406742,-81.2810971",0.0
"28.5421218,-81.379045",0.0
"28.574394,77.2090487",0.0
"28.5834575,77.1572877",0.0
"28.5851098,77.1810104",0.0
"28.5977707,-81.3510264",0.0
"28.6138954,77.2090057",0.0
"28.6328099,77.222189",0.0
"28.6472124,116.0348483",0.0
"28.6581723,121.4163876",0.0
"28.687547,115.8540042",0.0
"28.8616886,121.1402223",0.0
"28.8744722,105.4385063",0.0
"28.8936645,51.3204877",0.0
"29.0000001,119.9999999",0.0
"29.2995746,104.6928392",0.0
"29.3872254,-94.992736",0.0
"29.388607,115.3820227",0.0
"29.4246002,-98.4951405",0.0
"29.4376942,-98.6382108",0.0
"29.4906872,60.8635357",6.0
"29.5048654,-98.5761158",0.0
"29.5221485,106.4343929",0.0
"29.5353583,106.5049974",0.0
"29.5656729,106.5479189",0.0
"29.5698046,106.5277494",0.0
"29.571858,57.301047",0.0
"29.6307268,52.5225177",0.0
"29.6519684,-82.3249846",0.0
"29.6742712,-82.3867069",0.0
"29.6745984,-95.4568621",0.0
"29.6917937,-82.4361118",0.0
"29.705529,-95.4061279",0.0
"29.7093924,-95.399249",0.0
"29.7105439,-95.3958079",0.0
"29.7141969,-95.3152578",0.0
"29.7167915,-95.4047811",0.0
"29.7207902,-95.3440627",0.0
"29.7589382,-95.3676974",0.0
"29.7848626,40.0352745",4.0
"29.8437545,114.3169418",1.0
"29.8622194,121.6203873",0.0
"29.8693496,77.8902124",0.0
"29.8699867,121.5427313",0.0
"29.9091815,121.6334863",0.0
"29.9561422,-90.0733934",0.0
"29.956837,-90.083135",0.0
"29.9877558,31.4419752",0.0
"3.0686895,101.4995983",0.0
"3.1149258,101.6528227",16.0
"3.1516964,101.6942371",0.0
"3.3408806,-76.5291786",0.0
"3.5613218,98.6568033",17.0
"30.0079478,120.5431529",0.0
"30.0191701,31.5037433",0.0
"30.0451256,31.2648207",0.0
"30.047992,-94.3357433",0.0
"30.05518,107.8748712",0.0
"30.0754657,31.2904114",0.0
"30.0789047,78.2859716",0.0
"30.1732277,120.2883527",0.0
"30.1734194,-95.504686",0.0
"30.2310563,120.0364832",2.0
"30.2489634,120.2052342",0.0
"30.2604657,-81.4447941",0.0
"30.2711286,-97.7436995",2.0
"30.2750178,77.0483955",0.0
"30.2852194,57.0648394",1.0
"30.2931534,120.1620458",6.0
"30.295896,120.1617104",0.0
"30.2984361,120.0787911",0.0
"30.3056773,120.3521913",0.0
"30.31542,-96.34646",0.0
"30.3154696,-81.6632849",0.0
"30.3163075,120.3496996",0.0
"30.3262247,-81.6579179",0.0
"30.335758,120.32671",0.0
"30.3359809,120.0319713",0.0
"30.3375612,112.2337264",0.0
"30.402184,55.9941776",1.0
"30.4027287,-91.1025077",0.0
"30.4049826,112.8940372",0.0
"30.4739905,114.348398",2.0
"30.4868868,114.3078559",0.0
"30.5202172,114.4118463",0.0
"30.5373773,114.361535",0.0
"30.5465976,114.4172231",0.0
"30.55566,114.3468232",0.0
"30.5601863,103.9973029",0.0
"30.578891,114.2921197",0.0
"30.6119925,104.1138966",0.0
"30.6221359,32.2750549",0.0
"30.6425541,104.0673888",0.0
"30.659867,104.063315",0.0
"30.6681785,51.581916",0.0
"30.6782315,104.0980034",2.0
"30.6972412,-88.1892334",0.0
"30.7474425,120.7510971",0.0
"30.7707072,76.5764588",0.0
"30.8736613,-84.5740953",0.0
"31.0317976,121.438258",0.0
"31.052796,121.4320217",0.0
"31.1273609,121.5621972",0.0
"31.1450814,121.4195085",2.0
"31.1680633,121.3939936",1.0
"31.1682516,121.4182096",0.0
"31.1794305,121.5902345",0.0
"31.1909408,121.5984896",3.0
"31.1921811,121.4532771",0.0
"31.1932333,121.4517571",0.0
"31.1991806,29.8951716",0.0
"31.2008911,121.4283949",0.0
"31.2091825,121.4958893",1.0
"31.2104662,29.9131341",0.0
"31.2143785,121.4680316",0.0
"31.2259426,121.3502549",0.0
"31.2284923,121.4021139",2.0
"31.2312015,121.5071268",0.0
"31.2312707,121.4700152",0.0
"31.2323437,121.4691024",0.0
"31.2515439,121.4511111",1.0
"31.260913,34.799588",0.0
"31.2631254,34.8022385",0.0
"31.2834256,121.4969124",8.0
"31.2847393,121.4969491",0.0
"31.2919962,121.1913927",0.0
"31.3011748,121.4974703",0.0
"31.3031086,48.652823",6.0
"31.3065725,121.6495683",0.0
"31.3068662,121.4943346",6.0
"31.3075202,121.5230816",0.0
"31.311123,120.6212881",0.0
"31.3159206,121.3880243",0.0
"31.3269171,121.5188587",0.0
"31.3356298,121.2475829",0.0
"31.3865911,120.674535",0.0
"31.4606344,31.4559443",0.0
"31.5669121,120.2940511",0.0
"31.5716047,130.5440871",0.0
"31.5776626,120.2952752",0.0
"31.6387789,118.8969054",0.0
"31.7788472,35.2257856",4.0
"31.8122623,119.9691539",0.0
"31.8311441,117.2699347",0.0
"31.839072,117.2642075",0.0
"31.8665676,117.281428",0.0
"31.8891787,118.815607",0.0
"31.8952532,34.8105616",0.0
"31.9078499,34.8133409",0.0
"31.9183073,35.2066524",0.0
"31.9215518,120.2808847",0.0
"31.923249,34.796666",0.0
"31.9827896,120.8904588",0.0
"32.0,117.0",0.0
"32.0071898,118.7579999",0.0
"32.0438284,118.7788631",5.0
"32.0468815,34.8447686",0.0
"32.0471842,34.8452013",0.0
"32.0565957,118.7740883",7.0
"32.0652601,112.2541764",0.0
"32.071577,34.845347",0.0
"32.0750555,118.7740619",0.0
"32.0790074,-81.0921335",0.0
"32.0849766,34.7862664",0.0
"32.0886888,34.8671956",0.0
"32.1030022,118.9388674",0.0
"32.1123577,34.8050129",0.0
"32.1160213,118.9102083",0.0
"32.1238836,118.7083128",0.0
"32.1384178,118.8649314",0.0
"32.1773471,34.907459",0.0
"32.1893957,119.4199854",0.0
"32.2228765,-110.974847",0.0
"32.239034,-7.958131",0.0
"32.2528144,-110.9436227",0.0
"32.2685578,105.8395358",0.0
"32.2939401,50.8398898",0.0
"32.3222428,34.8597179",0.0
"32.344177,119.3946863",0.0
"32.3512601,-95.3010624",0.0
"32.3634509,-86.2935823",0.0
"32.4301095,-85.7067335",0.0
"32.4579729,119.9181174",0.0
"32.4580024,74.5060556",0.0
"32.493069,44.4357574",0.0
"32.5135356,-93.7477839",1.0
"32.5447132,44.4318143",0.0
"32.558366,44.0734936",0.0
"32.5919529,-85.4959775",0.0
"32.6100207,44.0039769",0.0
"32.6220743,51.6610219",24.0
"32.667721,51.3927934",0.0
"32.6707877,51.6650002",0.0
"32.6822707,-114.6355882",0.0
"32.7174202,-117.162772",1.0
"32.7315155,-97.1171533",1.0
"32.753177,-97.3327459",2.0
"32.7762719,-96.7968559",0.0
"32.7768128,35.0225446",0.0
"32.7899432,-96.7779235",0.0
"32.7902452,-79.9576415",0.0
"32.806062,34.9924236",0.0
"32.812043,-96.8417201",3.0
"32.8164178,130.7270397",0.0
"32.8202519,-96.8442624",3.0
"32.8332159,34.9857263",0.0
"32.833696,130.6990269",0.0
"32.8401623,-117.2740777",0.0
"32.8458529,-117.2575702",1.0
"32.8573973,59.2289938",8.0
"32.8670902,-117.2059976",0.0
"32.8792438,-117.2311247",12.0
"32.8794413,-117.2229161",0.0
"32.882037,-117.2239",0.0
"32.8861104,-117.244141",0.0
"32.9040884,-96.9570432",0.0
"32.9540333,35.4925033",0.0
"32.9581512,-117.1579863",0.0
"32.9875855,-96.749784",0.0
"32.990641,-117.1597106",0.0
"32.9919141,-117.2678124",0.0
"33.0000001,119.9999999",0.0
"33.0100224,35.1169063",0.0
"33.0136764,-96.6925096",0.0
"33.1545696,46.7576343",0.0
"33.1580933,-117.3505966",0.0
"33.2791984,44.3786165",0.0
"33.290714,130.542524",0.0
"33.3275214,130.5120966",14.0
"33.349559,120.1577019",0.0
"33.3842942,-111.7263525",0.0
"33.4021052,43.262751",0.0
"33.4054302,-111.9878237",0.0
"33.4213174,-111.9331631",0.0
"33.4520517,-112.0636789",0.0
"33.4530732,-112.0670237",0.0
"33.4683919,-82.0799502",2.0
"33.4694103,-81.9884196",6.0
"33.4789195,-112.0410726",0.0
"33.4942189,-111.926018",0.0
"33.5016153,-86.8060476",1.0
"33.5206824,-86.8024326",0.0
"33.5786907,-117.729202",0.0
"33.583939,130.3797313",0.0
"33.5855677,-101.8470215",0.0
"33.5893559,130.4026035",0.0
"33.5978157,119.0196971",0.0
"33.6082953,130.416985",0.0
"33.6170092,-117.9294401",0.0
"33.6251241,130.6180016",0.0
"33.6491782,-117.8391158",4.0
"33.6497568,73.1549222",0.0
"33.6578789,-111.9547698",0.0
"33.6856969,-117.825981",0.0
"33.6922898,130.4333418",0.0
"33.738743,-84.3589885",0.0
"33.7419956,113.3002154",1.0
"33.7544657,-84.3898151",6.0
"33.7583005,-116.4347271",0.0
"33.7690164,-118.191604",0.0
"33.7760948,-84.3988077",0.0
"33.7809052,-117.8660899",0.0
"33.7908821,132.8718965",0.0
"33.7936353,-84.3221796",7.0
"33.8004547,-84.3172378",0.0
"33.8015148,132.8790693",0.0
"33.8054837,-118.1885416",0.0
"33.829443,-118.2947553",0.0
"33.8395188,132.7653521",0.0
"33.8833423,-84.0413036",0.0
"33.8892265,35.5025585",0.0
"33.8899823,35.5085979",0.0
"33.9154236,-84.3545845",0.0
"33.9196418,134.2509634",0.0
"33.9404278,-83.3730682",0.0
"33.9463476,-118.3430746",0.0
"33.9490472,75.0418335",0.0
"33.9518498,131.2472243",0.0
"33.9642576,-117.3398097",0.0
"33.9928841,-81.0268676",0.0
"34.0000001,113.9999999",0.0
"34.000754,-81.0352313",2.0
"34.0194704,-118.491227",0.0
"34.021869,-118.2858579",0.0
"34.0276974,-118.2735944",6.0
"34.0284871,-118.4654752",0.0
"34.0504554,-117.2640583",0.0
"34.0536909,-118.242766",0.0
"34.0579419,-117.7452108",0.0
"34.0585941,-118.4179137",0.0
"34.0660684,-118.4420447",0.0
"34.0708777,-118.4468503",6.0
"34.0745997,-118.0534304",0.0
"34.0747444,74.8204443",0.0
"34.0751604,-118.3810936",0.0
"34.0788068,134.558981",0.0
"34.1279634,-117.9730617",0.0
"34.133915,74.8367448",0.0
"34.1370138,-118.1252883",0.0
"34.1394513,-117.9772873",0.0
"34.1481692,-118.7655456",0.0
"34.1483499,-118.0014517",0.0
"34.1705609,-118.8375937",0.0
"34.1876769,135.1819566",0.0
"34.188614,-118.9181107",0.0
"34.190682,72.036798",1.0
"34.2172159,108.937846",0.0
"34.2542885,117.2540119",0.0
"34.261004,108.9423363",0.0
"34.2650036,117.1730539",0.0
"34.2665258,117.1810431",0.0
"34.2672415,108.9486456",0.0
"34.2747143,108.9760541",0.0
"34.2889322,75.0407983",0.0
"34.352329,58.6851719",0.0
"34.3740431,-80.0734005",1.0
"34.3917115,47.1029096",0.0
"34.4168215,115.6507447",0.0
"34.4298059,-119.7235684",0.0
"34.4361078,-119.8285532",0.0
"34.4575979,135.5643131",0.0
"34.461434,135.395733",0.0
"34.4831932,135.4232139",0.0
"34.503917,135.792889",0.0
"34.5111993,135.631448",0.0
"34.528225,135.9526888",0.0
"34.5748048,135.5372991",0.0
"34.5919553,135.5061013",0.0
"34.6196539,112.4477046",0.0
"34.6422939,50.8801184",0.0
"34.6553944,133.9194595",0.0
"34.6704717,-92.376094",0.0
"34.677874,-1.929306",0.0
"34.6937569,135.5014539",0.0
"34.7078204,135.6419202",5.0
"34.729847,-86.5859011",0.0
"34.7339685,136.5154489",0.0
"34.7356937,135.8239876",0.0
"34.7472531,113.619321",4.0
"34.748041,-92.3223096",0.0
"34.7534257,113.6398742",0.0
"34.7811578,135.4699059",0.0
"34.7871191,113.740751",0.0
"34.9513927,-82.2375484",0.0
"34.96586,138.432967",0.0
"34.9726302,48.6563818",0.0
"34.9751974,138.3831697",0.0
"35.0115754,135.7681441",21.0
"35.0137519,135.955226",0.0
"35.0229299,135.777149",0.0
"35.0270467,135.7814382",0.0
"35.053669,137.0129415",0.0
"35.0841034,-106.650985",0.0
"35.0866328,-106.6202094",6.0
"35.0867577,-89.8100858",0.0
"35.0920376,-80.8715969",0.0
"35.1008351,129.0185505",0.0
"35.102623,119.2806451",0.0
"35.1224227,105.4809295",0.0
"35.1291504,-89.8577661",0.0
"35.1342725,129.1052466",0.0
"35.1375,113.143889",0.0
"35.1394101,136.9358602",4.0
"35.1407144,-90.0296716",0.0
"35.1533087,136.9677806",0.0
"35.1536981,-90.0434478",2.0
"35.1567709,126.8543543",0.0
"35.1570966,-90.0279582",1.0
"35.1573568,136.9212989",0.0
"35.1595711,33.3394772",0.0
"35.1746503,33.3638783",0.0
"35.1769099,126.9068927",0.0
"35.1799528,129.0752365",3.0
"35.1851045,136.8998438",0.0
"35.2272086,-80.8430827",0.0
"35.2477266,115.4464761",0.0
"35.2915515,113.9280366",0.0
"35.3072756,25.0824082",0.0
"35.308611,114.051111",0.0
"35.308753,138.9349133",0.0
"35.3115843,46.996071",0.0
"35.3266448,129.0079543",0.0
"35.3376942,139.5239655",1.0
"35.4030614,139.3150172",0.0
"35.4108278,-80.8429304",0.0
"35.4230949,136.7627526",0.0
"35.4233042,133.3367834",0.0
"35.4336651,139.62511",0.0
"35.4342935,139.374753",0.0
"35.4503381,139.6343802",0.0
"35.4715173,139.6275394",0.0
"35.4729886,-97.5170536",0.0
"35.4838815,-97.4973038",0.0
"35.4842868,-97.498633",0.0
"35.5262411,45.4159914",0.0
"35.5306639,139.7037668",0.0
"35.5391697,129.3119136",0.0
"35.549399,140.2647303",0.0
"35.5781041,45.360949",3.0
"35.6006243,139.5491115",0.0
"35.6092008,139.7301982",0.0
"35.613224,-77.3724593",0.0
"35.6246886,139.0969909",1.0
"35.6274364,140.1033825",5.0
"35.6312558,139.7256288",0.0
"35.6328512,-77.4852672",0.0
"35.6442736,139.6761041",0.0
"35.6469025,139.652531",0.0
"35.6544501,139.7053356",0.0
"35.6580089,139.7515137",0.0
"35.665367,139.768287",0.0
"35.6655174,139.7676714",9.0
"35.665913,139.7459082",0.0
"35.6768601,139.7638947",0.0
"35.6787645,139.7872199",4.0
"35.688795,139.734537",0.0
"35.6892523,51.3896004",0.0
"35.6937632,139.7036319",26.0
"35.6983812,139.7203052",44.0
"35.704584,51.394761",35.0
"35.7058628,51.3941557",0.0
"35.7117157,139.7637457",0.0
"35.712016,139.765378",71.0
"35.7153759,139.6073789",0.0
"35.718338,51.3807489",0.0
"35.7214564,51.381677",0.0
"35.7216209,139.932087",0.0
"35.7453219,139.3798647",0.0
"35.7472291,139.802157",0.0
"35.7482708,51.3814338",19.0
"35.7516835,51.3944412",0.0
"35.7613392,140.2944692",0.0
"35.7893408,51.3158327",2.0
"35.8224892,50.9904681",0.0
"35.828022,128.7572223",0.0
"35.8569094,50.9882376",0.0
"35.8664692,128.6048336",0.0
"35.8713,128.6018",0.0
"35.8807796,-78.8405967",0.0
"35.8905697,128.6108553",0.0
"35.8923773,-78.8658899",0.0
"35.8979832,139.9420371",0.0
"35.9007575,-78.8596092",0.0
"35.9050354,-79.0477533",0.0
"35.9131542,-79.05578",0.0
"35.9132074,139.9303503",0.0
"35.9516352,-83.9308819",0.0
"35.9754168,139.4160114",0.0
"35.9822298,139.6099676",0.0
"35.996653,-78.9018053",0.0
"36.0001557,-78.9442297",0.0
"36.0061796,-78.9435114",0.0
"36.0180795,129.3208556",0.0
"36.0526223,103.8394984",0.0
"36.0636494,120.3329267",2.0
"36.0663249,120.3777659",0.0
"36.0687614,140.076617",0.0
"36.0706768,103.7748683",0.0
"36.0833265,140.077279",2.0
"36.0905029,-80.2665306",2.0
"36.0998131,-80.2440518",0.0
"36.1070526,140.1006602",0.0
"36.1401329,-86.8027387",0.0
"36.1409238,-86.8016342",2.0
"36.1622767,-86.7742984",0.0
"36.1634561,-86.7807028",0.0
"36.1674263,-115.1484131",0.0
"36.198399,44.0205604",0.0
"36.2134053,57.6808799",0.0
"36.2382047,137.9687141",0.0
"36.2606177,117.0044569",0.0
"36.285862,103.632326",0.0
"36.3024236,-82.3692822",2.0
"36.3053722,127.3428443",0.0
"36.3136511,59.5359373",0.0
"36.330404,-86.5943278",0.0
"36.3497007,127.3849016",2.0
"36.369879,127.3448303",0.0
"36.3703054,127.3620118",0.0
"36.3768552,127.3585227",0.0
"36.3774919,127.3547565",0.0
"36.398987,118.5055691",0.0
"36.4022786,139.8612754",0.0
"36.4195026,54.9649915",0.0
"36.515854,48.4777616",0.0
"36.5537458,53.0602761",0.0
"36.561627,136.6568822",0.0
"36.6231581,127.4612249",0.0
"36.6519754,117.1138479",0.0
"36.6714564,117.0515287",0.0
"36.6715017,117.0510792",0.0
"36.6782167,139.8096549",0.0
"36.7047946,119.1264787",0.0
"36.7104018,-81.975249",0.0
"36.7227503,-4.4650302",0.0
"36.7375388,-4.5571438",0.0
"36.7498188,136.7195952",0.0
"36.7647913,-4.4422005",0.0
"36.8028482,10.1613178",0.0
"36.824463,101.440811",0.0
"36.8938473,30.6508866",0.0
"36.986415,120.7195089",0.0
"37.0000001,105.9999999",0.0
"37.0001245,-122.0622122",0.0
"37.007773,127.279971",0.0
"37.0210096,-76.3386255",0.0
"37.050096,-121.99059",0.0
"37.1432315,46.1056025",0.0
"37.1641544,-120.7678602",0.0
"37.1734995,-3.5995337",0.0
"37.1922074,49.638155",0.0
"37.2045719,-99.8133765",0.0
"37.242375,-78.4605692",1.0
"37.2633325,127.0287472",0.0
"37.2669545,126.9844505",0.0
"37.270973,-79.9414313",0.0
"37.2830024,127.0453782",0.0
"37.304731,-89.5176418",0.0
"37.3191109,126.8251972",2.0
"37.3340519,-121.8943326",0.0
"37.3492691,127.1241351",0.0
"37.3496003,127.9452781",2.0
"37.3525285,126.6038098",0.0
"37.3629504,-5.9789302",0.0
"37.3762968,-5.9776388",14.0
"37.386116,126.6394474",0.0
"37.3877783,-122.0554994",0.0
"37.3893889,-122.0832101",0.0
"37.3977693,-121.8870302",1.0
"37.4048781,-6.0086329",0.0
"37.4059352,-121.9040877",0.0
"37.406758,-5.98685",20.0
"37.4201556,127.1262092",0.0
"37.4265407,-122.1703055",0.0
"37.4313138,-122.1693654",0.0
"37.4335887,121.5165087",2.0
"37.4413469,127.1329195",1.0
"37.4443293,-122.1598465",0.0
"37.4494431,126.6534446",0.0
"37.4509805,-122.1123014",0.0
"37.4512222,-122.1864846",4.0
"37.4519671,-122.177992",5.0
"37.4667627,126.947822",0.0
"37.4669776,126.9491379",6.0
"37.4811727,126.8862794",0.0
"37.4863239,-122.232523",0.0
"37.495401,127.1239038",0.0
"37.4987812,127.0316711",10.0
"37.5023612,15.0873718",0.0
"37.504936,-122.261823",0.0
"37.5254453,127.1103466",0.0
"37.5363669,-122.0614317",0.0
"37.5385087,-77.43428",0.0
"37.5387202,45.0814813",0.0
"37.5402575,-77.4300631",0.0
"37.541847,127.0771149",0.0
"37.5482697,-121.988571",0.0
"37.5557274,127.0436837",6.0
"37.5600336,-122.2688522",0.0
"37.5603559,126.9351585",0.0
"37.5609877,126.9395734",0.0
"37.5643371,126.9468925",0.0
"37.5666791,126.9782914",0.0
"37.5746536,126.9788867",0.0
"37.5758797,-77.5412837",0.0
"37.5780965,-122.3473099",0.0
"37.57839,127.004199",0.0
"37.5791175,126.9987329",0.0
"37.5806949,126.9827989",0.0
"37.5870459,126.9906264",0.0
"37.5880378,127.0323927",0.0
"37.6008613,127.0452018",11.0
"37.6114792,126.9964154",0.0
"37.6535403,-122.4168664",0.0
"37.6638447,126.7833745",0.0
"37.6845617,-121.8932947",0.0
"37.687165,-122.402794",0.0
"37.6895325,-122.4010322",0.0
"37.6898224,140.4715216",2.0
"37.7074904,-122.409805",0.0
"37.7087133,-122.418964",0.0
"37.7627257,-122.4582568",2.0
"37.7672835,-122.3923324",0.0
"37.7835246,-122.4724642",0.0
"37.7850378,-122.4395106",0.0
"37.7879363,-122.4075201",0.0
"37.7891184,-122.4080134",0.0
"37.790601,-122.4322597",7.0
"37.8225892,-122.0008254",0.0
"37.8314089,-122.2865266",0.0
"37.8655702,-122.2988907",0.0
"37.8672582,127.7447487",0.0
"37.8688823,138.9419692",2.0
"37.8699921,112.5437075",1.0
"37.8708393,-122.272863",0.0
"37.8754996,-122.2390685",8.0
"37.8769588,-122.2456303",0.0
"37.8845813,-4.7760138",0.0
"37.8913346,-122.2772852",0.0
"37.8968742,-122.3099604",2.0
"37.9321597,-1.1625399",0.0
"37.9341685,23.6459012",3.0
"37.9347521,-1.1131029",0.0
"37.9357576,-122.347748",0.0
"37.9450391,23.6694768",0.0
"37.9632711,114.6753446",0.0
"37.970038,23.7652367",0.0
"37.9747795,-122.5316686",0.0
"37.9755648,23.7348324",0.0
"37.9917161,23.7810335",0.0
"37.9941383,23.7324792",0.0
"38.0222516,-84.4728647",0.0
"38.0249651,-122.2768894",0.0
"38.0266291,-84.5047222",0.0
"38.029306,-78.4766781",0.0
"38.0410576,-78.5055084",0.0
"38.0429742,114.5088385",0.0
"38.0431478,46.3873072",2.0
"38.0464066,-84.4970393",0.0
"38.0523958,46.284404",0.0
"38.0560162,46.3330119",2.0
"38.057505,114.475949",0.0
"38.0738612,46.2978789",7.0
"38.1040864,-122.2566367",0.0
"38.1081751,-122.5739437",0.0
"38.1112268,13.3524434",12.0
"38.1130729,15.6590765",0.0
"38.2133224,-85.7577075",0.0
"38.2458075,-85.7500121",0.0
"38.246242,21.7350847",0.0
"38.2653307,-0.6988391",0.0
"38.2677554,140.8691498",0.0
"38.2724216,140.8608824",4.0
"38.2764062,140.8702605",4.0
"38.2949894,21.795575",0.0
"38.321089,106.3885725",0.0
"38.3634643,-0.4860334",0.0
"38.3901767,-121.9482113",0.0
"38.4192537,27.128469",0.0
"38.4236258,-82.4274024",0.0
"38.4311859,-82.4004817",0.0
"38.4545074,-77.416527",0.0
"38.4556928,27.2281857",0.0
"38.5526924,-121.45179",0.0
"38.5541538,-121.4525385",0.0
"38.5810606,-121.493895",0.0
"38.6254063,-90.190009",0.0
"38.6350384,-90.2150369",0.0
"38.6378457,-90.2649269",0.0
"38.6472402,-90.3084017",0.0
"38.673031,-90.4235635",0.0
"38.6925777,-9.3123076",0.0
"38.694335,-0.4775731",0.0
"38.7077507,-9.1365919",11.0
"38.7397508,-9.1615296",0.0
"38.7485851,-9.1608511",0.0
"38.7527961,-9.1570276",16.0
"38.7604815,-92.5617875",0.0
"38.8051095,-77.0470229",0.0
"38.808724,-76.8953618",0.0
"38.8462236,-77.3063733",2.0
"38.8644415,115.5266569",3.0
"38.8650918,117.4545143",0.0
"38.8765283,16.6122077",0.0
"38.8808332,115.5606323",0.0
"38.8812564,121.52016",0.0
"38.881432,-77.0274801",0.0
"38.882334,-77.1710914",0.0
"38.8950982,-77.0363849",0.0
"38.899865,-77.0474485",9.0
"38.9007688,-77.03521",8.0
"38.9089393,-77.0745796",0.0
"38.9109322,-77.0759448",0.0
"38.9130495,121.6098013",0.0
"38.9287492,-77.0147693",0.0
"38.9364147,-92.329703",1.0
"38.9366852,-77.185843",0.0
"38.980666,-76.9369189",0.0
"38.9812726,-77.1233587",0.0
"38.9813699,-77.0849245",0.0
"38.9825377,-77.096652",1.0
"38.9846816,-77.0942447",0.0
"38.9869388,117.33941",3.0
"38.9969312,117.3062804",0.0
"38.9997621,-77.0240371",0.0
"39.0000001,116.0",0.0
"39.0000143,-77.1040039",0.0
"39.0018688,-77.0863719",0.0
"39.0080601,-76.7797899",0.0
"39.0342326,-94.5780133",0.0
"39.0405608,-94.6169013",0.0
"39.0571097,-94.6095438",0.0
"39.0817985,-77.1516844",0.0
"39.0844064,117.1957475",4.0
"39.1012809,-84.5127405",0.0
"39.1052175,-77.1806026",0.0
"39.1134562,-94.626497",0.0
"39.1165863,117.1783982",0.0
"39.1259252,-77.2321243",0.0
"39.1316116,-77.2165406",0.0
"39.1399187,-77.1929215",0.0
"39.1408304,-84.5023891",0.0
"39.1712341,-77.2655648",0.0
"39.1802358,-86.5093526",0.0
"39.2444289,-94.587128",0.0
"39.252377,-76.7089181",3.0
"39.271541,-76.6734579",0.0
"39.2781604,-76.5762014",0.0
"39.2870767,-76.6265323",0.0
"39.2882737,-76.6243944",0.0
"39.2908816,-76.610759",0.0
"39.2911064,-76.5489648",0.0
"39.2964392,-76.5923927",0.0
"39.2987275,-76.5883163",0.0
"39.3032619,117.4163641",0.0
"39.3241782,-82.1015648",0.0
"39.3295258,-76.6148396",4.0
"39.3302023,-76.6218536",0.0
"39.3796446,-77.2781419",0.0
"39.3891646,117.0402984",0.0
"39.415779,-77.4127562",1.0
"39.4436537,-0.3761017",0.0
"39.4697065,-0.3763353",0.0
"39.4745175,-6.3716761",0.0
"39.4788203,-0.360669",0.0
"39.5120347,-76.1643289",0.0
"39.5501275,-119.8149661",0.0
"39.579155,-104.8769227",0.0
"39.613432,2.8829185",0.0
"39.6172101,-104.950814",0.0
"39.6194942,20.8412537",0.0
"39.6348398,-79.9542095",0.0
"39.6438028,-106.3888231",0.0
"39.6550017,66.9756954",0.0
"39.6802837,-75.7530984",0.0
"39.7392364,-104.984862",0.0
"39.7401441,-104.8733376",0.0
"39.740278,122.255833",0.0
"39.7421818,-104.8348157",0.0
"39.7446494,-104.8386619",0.0
"39.7459468,-75.546589",0.0
"39.7546888,-86.1537802",0.0
"39.7683331,-86.1583502",0.0
"39.7726281,-89.701801",0.0
"39.779725,-75.555041",0.0
"39.7837304,-100.445882",0.0
"39.7871062,-86.1647367",0.0
"39.7948667,116.4998627",0.0
"39.8130639,-89.6585063",1.0
"39.8431338,116.3253044",4.0
"39.8553543,-84.2724674",0.0
"39.8633289,116.3469177",0.0
"39.8719613,116.4407529",1.0
"39.8791511,116.3659062",0.0
"39.8936695,116.3151027",0.0
"39.9057136,116.3912972",0.0
"39.909071,116.24162",0.0
"39.9093367,116.3297146",9.0
"39.9110517,116.409643",0.0
"39.9182405,116.4105731",0.0
"39.9207759,32.8540497",0.0
"39.9238532,116.3083868",0.0
"39.926149,116.3321079",0.0
"39.9403121,-75.1197608",0.0
"39.9420451,-75.1153073",0.0
"39.9427373,116.3171644",0.0
"39.9474954,-75.1923532",0.0
"39.9476976,-75.1949802",4.0
"39.9492859,-75.1920297",0.0
"39.9499481,-75.1941014",5.0
"39.9522148,-75.1955729",4.0
"39.9527237,-75.1635262",0.0
"39.95383,-75.1845647",0.0
"39.9545335,-75.1865653",0.0
"39.9597631,116.359724",0.0
"39.9622601,-83.0007065",0.0
"39.9728584,116.4206919",0.0
"39.9804494,116.3238455",0.0
"39.9809855,116.3538443",0.0
"39.9826574,116.3103787",28.0
"39.9866862,116.3405212",0.0
"39.9918215,116.3039468",0.0
"4.6287061,-74.0636499",0.0
"4.97594,114.8948152",0.0
"40.0022905,116.320963",61.0
"40.0037427,116.31141",0.0
"40.0056982,-83.0286573",0.0
"40.0149856,-105.270545",0.0
"40.0233682,116.3124133",0.0
"40.0291456,-83.1132529",0.0
"40.0299755,-75.6290436",0.0
"40.0712706,-75.0909805",0.0
"40.0756324,113.221435",0.0
"40.0761545,-88.2233134",0.0
"40.0972164,116.2539412",0.0
"40.102332,-75.2743467",0.0
"40.109211,-83.1213136",0.0
"40.1131563,-88.2247919",0.0
"40.1311453,32.9512024",0.0
"40.1522173,18.2260628",0.0
"40.1750746,116.1593872",0.0
"40.1842455,-75.1390524",0.0
"40.1853862,-75.2276756",0.0
"40.1854712,-75.4512163",0.0
"40.1868505,-75.2279639",0.0
"40.207448,-8.4255578",0.0
"40.2111874,-8.4291478",13.0
"40.2728577,-111.6811559",0.0
"40.2804021,-7.504191",0.0
"40.2850285,-76.6534662",0.0
"40.2891314,-74.7176458",0.0
"40.3496953,-74.6597376",2.0
"40.3508429,-74.6557408",0.0
"40.376385,-3.6980587",0.0
"40.3999106,-3.8359231",0.0
"40.416782,-3.703507",0.0
"40.4191229,-86.8919011",0.0
"40.4196884,-3.6711358",0.0
"40.4237276,-3.6899043",0.0
"40.4278841,-74.415984",0.0
"40.430028,-86.9264211",0.0
"40.4340157,-3.6757531",0.0
"40.4406968,-80.0025666",14.0
"40.4439193,-79.9428267",0.0
"40.444153,-79.962461",9.0
"40.4569719,-80.0033069",0.0
"40.4619489,-86.9296852",0.0
"40.4739834,-3.7016579",8.0
"40.4746214,-3.6811959",0.0
"40.4759705,-3.6938552",0.0
"40.4761339,-3.6936852",8.0
"40.4813101,-3.6872735",0.0
"40.4868616,-3.6954489",11.0
"40.4936119,-74.4436416",0.0
"40.4965138,-74.448613",0.0
"40.496895,-74.4490361",4.0
"40.5204169,-74.4645303",0.0
"40.543338,23.008222",0.0
"40.5464326,-74.4660542",1.0
"40.5651728,-75.5220282",0.0
"40.6012354,-3.7038475",0.0
"40.6022552,-75.4716115",1.0
"40.6296719,22.9591469",0.0
"40.6308667,-8.657127",0.0
"40.6394203,-73.9981068",0.0
"40.6403167,22.9352716",0.0
"40.6678376,-73.9791449",0.0
"40.6771374,-74.2870715",0.0
"40.6936222,-73.8526082",0.0
"40.6938609,-89.5891008",0.0
"40.6953793,-74.4009849",0.0
"40.6956876,-73.9878794",0.0
"40.7125533,-74.3535005",0.0
"40.7127281,-74.0060152",6.0
"40.7176622,-73.5978388",0.0
"40.7262442,-74.379368",0.0
"40.7330069,8.5470468",12.0
"40.7331696,-73.9820464",0.0
"40.735657,-74.1723667",0.0
"40.7397084,-73.6386952",0.0
"40.7415246,-73.9737223",25.0
"40.7421254,-74.1790316",5.0
"40.7423027,-73.9735654",0.0
"40.7440696,-74.1741369",5.0
"40.746441,14.7772326",1.0
"40.7492678,-73.6406845",0.0
"40.7503942,-74.1828657",0.0
"40.750632,-73.9687884",0.0
"40.7596198,-111.886797",0.0
"40.7628137,-111.8368719",0.0
"40.7644418,-73.9569549",0.0
"40.7647523,-73.9549121",0.0
"40.765164,-73.9526899",0.0
"40.779066,-111.8792891",0.0
"40.7887367,-82.2360391",0.0
"40.789793,-73.9532536",2.0
"40.7899645,-73.9532282",0.0
"40.7970382,-74.4809868",0.0
"40.8006696,29.431767",0.0
"40.8077507,-73.9624901",16.0
"40.8088861,-96.7077751",0.0
"40.8128971,-77.8710571",0.0
"40.8166476,-73.9244703",0.0
"40.8184528,111.6601939",1.0
"40.8200998,-74.3648731",0.0
"40.8223223,-74.1598663",0.0
"40.8447225,-74.1999165",0.0
"40.8455637,14.2579528",23.0
"40.8468289,-74.0048859",0.0
"40.847759,14.2566037",0.0
"40.8506608,14.2576446",0.0
"40.8542807,-73.8456159",0.0
"40.8585173,-73.4551825",0.0
"40.8645519,14.2252129",0.0
"40.8837051,-74.0559409",0.0
"40.8870781,-74.0410667",0.0
"40.908482,-73.1325471",0.0
"40.9090809,-73.1205518",0.0
"40.924271,-98.338685",0.0
"40.9451909,-72.8424365",0.0
"40.9522369,17.299948",0.0
"40.9613268,-5.6672043",0.0
"40.9651572,-5.6640182",21.0
"40.9680683,-76.6046458",0.0
"40.9965446,15.140569",0.0
"41.006381,28.9758715",0.0
"41.0114017,-73.8466414",0.0
"41.0192641,-73.6834621",0.0
"41.0267866,28.9727283",0.0
"41.075213,-73.7750061",0.0
"41.1055147,16.8594059",0.0
"41.1257843,16.8620293",0.0
"41.1285459,-8.6104145",0.0
"41.1526668,15.0885633",0.0
"41.1782008,-8.5960209",0.0
"41.1784933,-8.5961974",0.0
"41.1823352,-8.6060513",17.0
"41.1851258,-8.5984053",0.0
"41.2367955,-80.8190423",0.0
"41.2550772,-95.9769529",2.0
"41.2555699,-95.9794767",2.0
"41.2571306,-72.9896696",0.0
"41.2577933,-96.0104971",5.0
"41.2587459,-95.9383758",0.0
"41.2695698,-73.442925",0.0
"41.3046035,-72.9355941",0.0
"41.3082138,-72.9250518",0.0
"41.3174049,-72.9217621",0.0
"41.3452787,2.1112992",0.0
"41.34655,-72.0388786",0.0
"41.3595118,2.0996318",0.0
"41.3682047,36.1980326",0.0
"41.3819033,2.1762519",0.0
"41.3825802,2.177073",0.0
"41.3843785,2.1019391",0.0
"41.3851209,2.1939907",0.0
"41.3858911,2.1804195",14.0
"41.3868595,2.1634784",0.0
"41.3892781,2.1911055",0.0
"41.3894459,2.1522761",0.0
"41.3937807,2.1195609",0.0
"41.4003067,2.207765",0.0
"41.4043275,2.1937054",0.0
"41.4139764,2.1755472",0.0
"41.4270409,2.1401219",0.0
"41.4287282,2.1374944",0.0
"41.4493539,2.248254",0.0
"41.455212,-81.950647",0.0
"41.455623,15.5245823",0.0
"41.4707933,2.0848815",0.0
"41.4875129,-71.5343094",0.0
"41.4925576,13.8305297",0.0
"41.4996574,-81.6936772",0.0
"41.5005343,-81.6220008",0.0
"41.5013869,-81.6007022",0.0
"41.5015527,2.1062607",0.0
"41.502172,-81.6198195",5.0
"41.5040164,2.0859223",0.0
"41.5850394,-85.8344491",0.0
"41.5868654,-93.6249494",0.0
"41.6311024,-91.540752",1.0
"41.6344802,2.1626124",0.0
"41.6345573,-0.899798",0.0
"41.6521342,-0.8809428",0.0
"41.6529143,-83.5378173",0.0
"41.6554825,-4.7258358",0.0
"41.6612561,-91.5299106",0.0
"41.6731523,-93.6973395",0.0
"41.6788459,-91.5964965",0.0
"41.6915847,-0.9101268",3.0
"41.6992003,-86.2373691",0.0
"41.7069106,15.7288455",0.0
"41.7198216,-72.8320435",0.0
"41.7334455,-72.7923453",0.0
"41.7537095,-72.6816252",0.0
"41.7634632,123.4117577",4.0
"41.7673728,12.4695515",0.0
"41.7676016,12.4442154",0.0
"41.7881243,-87.6047744",0.0
"41.7913274,-87.6008421",0.0
"41.8026095,123.4279105",0.0
"41.804302,-77.069778",0.0
"41.8051978,140.7375294",0.0
"41.8110744,-71.4089995",0.0
"41.8119263,-72.2647704",0.0
"41.8239891,-71.4128343",0.0
"41.8287331,12.4632985",0.0
"41.8388212,-87.7051715",0.0
"41.8525691,-71.4219065",0.0
"41.8619504,12.4796114",0.0
"41.8675665,-87.6524237",0.0
"41.8722219,-87.6738773",0.0
"41.8746441,-87.669135",1.0
"41.8755616,-87.6244212",10.0
"41.8789942,-87.8436412",0.0
"41.8805319,-87.632582",0.0
"41.8933203,12.4829321",0.0
"41.894585,-87.6215462",0.0
"41.8954392,-87.618244",0.0
"41.8961124,-87.6172378",0.0
"41.8970772,12.4607003",0.0
"41.9003704,12.5126063",37.0
"41.9014169,12.430537",0.0
"41.9042766,12.5181388",32.0
"41.91011,12.5157662",0.0
"41.9205448,12.5403454",1.0
"41.93099,2.2485905",5.0
"41.9432942,12.4221263",0.0
"41.9793006,2.8199439",3.0
"41.9805889,-76.5208075",0.0
"41.9941334,-87.8756737",0.0
"42.0267567,-93.6170448",0.0
"42.0557157,-87.6752945",0.0
"42.0693991,-87.682932",0.0
"42.1026928,14.4159053",0.0
"42.1368853,13.610341",0.0
"42.1382362,24.7359681",0.0
"42.1672015,-88.1321925",0.0
"42.2474581,-71.0029673",0.0
"42.2625621,-71.8018877",0.0
"42.2685106,42.6672754",0.0
"42.2771915,-71.7625025",0.0
"42.2802645,-71.2360624",0.0
"42.2813722,-83.7484616",0.0
"42.2836393,-71.346996",0.0
"42.2895485,-71.3144942",0.0
"42.2942142,-83.7100389",0.0
"42.3057836,-71.2288367",0.0
"42.3125761,-71.3349903",0.0
"42.327724,-87.8394189",0.0
"42.3288989,-71.5799068",0.0
"42.3315509,-83.0466403",0.0
"42.3356229,-71.0716153",8.0
"42.3369167,-71.1038922",10.0
"42.3370801,-87.8344244",0.0
"42.3371715,-71.1056791",0.0
"42.3375681,-71.1078696",0.0
"42.339791,-71.1051572",10.0
"42.3468589,-71.5525188",0.0
"42.3496554,-71.0638505",10.0
"42.3504215,-71.1032247",0.0
"42.3540967,-71.1091925",0.0
"42.3544528,-71.1097042",0.0
"42.355066,-71.0594278",7.0
"42.3571895,-83.0709436",0.0
"42.3582529,-71.0966272",10.0
"42.3588336,-71.0578303",0.0
"42.3609988,-71.0974915",0.0
"42.3627427,-71.0839537",0.0
"42.3628605,-71.068753",0.0
"42.3635796,-83.0749603",0.0
"42.3652576,-71.1843234",0.0
"42.3656347,-71.1040018",0.0
"42.3657432,-71.1222139",0.0
"42.3663471,-71.0851776",2.0
"42.3672098,-71.0792167",0.0
"42.369517,-71.1057346",0.0
"42.3762385,-71.2355644",1.0
"42.3778749,-71.0619957",0.0
"42.3791064,-71.1196785",0.0
"42.3868378,-71.1194103",0.0
"42.3893259,-72.5283614",0.0
"42.4069987,-71.116617",0.0
"42.4349207,-71.2347635",0.0
"42.4473175,-71.2245003",0.0
"42.452916,-76.4800635",0.0
"42.4605189,-71.3488963",0.0
"42.4792618,-71.1522766",0.0
"42.4894801,-83.1446485",0.0
"42.5563226,12.6562709",0.0
"42.5584264,-71.268947",0.0
"42.6540943,-73.7773458",0.0
"42.6840271,-73.8258773",0.0
"42.6908222,-73.8329213",0.0
"42.7023794,-84.4803869",0.0
"42.7257488,2.8899549",0.0
"42.7298969,-73.6796678",0.0
"42.8058167,-1.664296",0.0
"42.815686,-1.6522353",0.0
"42.8340637,-2.6591563",0.0
"42.8702581,-8.5652095",25.0
"42.8864163,-78.8781493",0.0
"42.8986198,-78.8656807",0.0
"42.9002153,-78.869362",12.0
"42.9064576,-8.5192983",0.0
"42.9274386,-78.853529",0.0
"42.9632425,-85.6678639",0.0
"42.9676408,-90.3304246",0.0
"42.9836747,-81.2496068",0.0
"43.0036024,-81.2829929",18.0
"43.0078564,-81.2776643",0.0
"43.0386475,-87.9090751",0.0
"43.0438671,-88.0224532",0.0
"43.07469,-89.3841663",0.0
"43.0792015,12.3553973",0.0
"43.0802745,-89.4309587",0.0
"43.1070321,12.4029962",0.0
"43.1238479,5.9764168",0.0
"43.1355411,-70.9461816",0.0
"43.157285,-77.615214",0.0
"43.1591804,141.3977532",0.0
"43.1672059,11.467561",0.0
"43.1920427,-77.5882889",0.0
"43.2237033,-2.8179524",0.0
"43.2314113,-2.844051",0.0
"43.2337065,5.4419491",0.0
"43.2343915,5.4416249",0.0
"43.2453305,5.4168106",4.0
"43.2462233,5.4364876",0.0
"43.2560802,-79.8728583",0.0
"43.2625038,5.4108076",0.0
"43.2639397,-79.9178252",0.0
"43.290387,5.3956493",0.0
"43.2907714,-2.8870439",0.0
"43.2922991,5.3958402",0.0
"43.2946182,13.4589281",0.0
"43.2963986,5.3777888",15.0
"43.3224219,-1.9838889",0.0
"43.3426562,3.2131307",0.0
"43.3521624,5.3494409",0.0
"43.357067,-5.8668184",0.0
"43.3719215,-70.528122",0.0
"43.3759889,-5.829281",0.0
"43.400307,23.716675",0.0
"43.4519831,142.8197834",0.0
"43.4618932,-3.8100255",0.0
"43.4701994,-80.5452429",0.0
"43.4714722,10.6797912",0.0
"43.4801189,13.2187279",0.0
"43.524858,-5.6084533",0.0
"43.5327864,-80.2249974",0.0
"43.5476008,-96.7293629",0.0
"43.5588717,1.4534362",0.0
"43.5600154,1.4635695",0.0
"43.5607651,1.4530929",0.0
"43.5884727,-79.643658",0.0
"43.6044638,1.4442433",0.0
"43.6105495,1.4005771",0.0
"43.6112422,3.8767337",0.0
"43.6115115,1.4007283",0.0
"43.6129424,3.8520474",0.0
"43.6132492,1.4000796",0.0
"43.6211955,-84.6824346",0.0
"43.6298864,3.8514807",0.0
"43.6311948,3.8602179",0.0
"43.6347057,-72.3161378",0.0
"43.637998,3.8634851",0.0
"43.643032,-72.251587",0.0
"43.6531775,-70.2762545",0.0
"43.6534817,-79.3839347",0.0
"43.6536408,-79.3778068",0.0
"43.6572672,-79.3875622",0.0
"43.6634681,-79.3968165",0.0
"43.6730826,-79.3882892",9.0
"43.6756843,-72.2701018",0.0
"43.6814757,-92.9650771",0.0
"43.7009358,7.2683912",0.0
"43.7170132,7.2675774",19.0
"43.7187789,10.3984525",0.0
"43.7194884,10.9458556",0.0
"43.7245139,7.2821791",0.0
"43.724592,7.2807163",0.0
"43.7697955,11.2556404",0.0
"43.8041147,11.2729461",0.0
"43.8122836,-91.2514355",0.0
"43.8240777,4.3210878",0.0
"43.8244074,87.6139038",0.0
"43.8550864,125.3163142",11.0
"43.8739899,125.2992982",0.0
"43.8844844,125.3181675",0.0
"43.9465433,12.630749",0.0
"43.9492493,4.8059012",0.0
"43.9647796,-75.9144352",0.0
"44.0225389,-92.4666075",0.0
"44.0505054,-123.0950506",0.0
"44.0717772,-92.5064013",0.0
"44.1267212,12.0611527",0.0
"44.2263489,-76.4957555",0.0
"44.3640607,12.0590095",0.0
"44.40726,8.9338624",26.0
"44.41078,12.1886775",0.0
"44.4148861,8.9266707",24.0
"44.4361414,26.102684",0.0
"44.4580704,7.5581367",0.0
"44.4737365,-73.1941468",0.0
"44.4915307,11.3609647",0.0
"44.4938203,11.3426327",0.0
"44.4982886,11.354457",0.0
"44.5384728,10.9359609",0.0
"44.6086674,10.5940667",0.0
"44.6378638,-63.5837315",0.0
"44.648618,-63.5859487",0.0
"44.6952006,10.0979869",0.0
"44.7873602,-0.6548606",4.0
"44.805615,-0.6308396",0.0
"44.8065065,-0.6096268",0.0
"44.8084356,-68.7511855",0.0
"44.8176736,20.4560842",0.0
"44.8179654,20.4507765",0.0
"44.8237431,-0.5807604",0.0
"44.8275266,-0.6038675",0.0
"44.8324602,-0.6982065",0.0
"44.8340848,-0.5791656",0.0
"44.841225,-0.5800364",0.0
"44.8450907,-93.1262768",0.0
"44.8872071,11.0661063",0.0
"44.9576807,-93.2658092",0.0
"44.959244,7.601722",0.0
"44.9727733,-93.2280874",0.0
"44.9772995,-93.2654692",0.0
"44.9863418,-93.1794451",0.0
"45.0368546,9.1378251",0.0
"45.0417061,7.673044",25.0
"45.051165,7.6811479",0.0
"45.0677551,7.6824892",0.0
"45.1815936,5.7090589",0.0
"45.1875602,5.7357819",0.0
"45.2003375,5.745294",0.0
"45.2090131,5.745715",0.0
"45.3367578,14.4252794",5.0
"45.3829973,9.1545305",1.0
"45.391408,11.8058487",0.0
"45.3984428,11.8956829",0.0
"45.403271,-71.889038",0.0
"45.4038563,-73.9523976",0.0
"45.4066496,11.8774407",0.0
"45.4144217,9.2066069",0.0
"45.4208777,-75.6901106",0.0
"45.4318428,-73.9452864",0.0
"45.4363395,11.0030301",0.0
"45.4371908,12.3345898",0.0
"45.4424977,10.9857377",11.0
"45.4437519,10.7066937",0.0
"45.4641943,9.1896346",18.0
"45.4641968,9.219135",15.0
"45.4731036,-73.6031079",0.0
"45.473408,4.3792689",0.0
"45.474386,9.2321797",12.0
"45.475,9.231368",0.0
"45.4757322,9.2282917",13.0
"45.4871723,-122.80378",0.0
"45.4954391,-122.7720881",0.0
"45.4958045,-122.6415699",1.0
"45.4968489,-73.6304158",0.0
"45.4981929,-122.6864957",0.0
"45.5031824,-73.5698065",0.0
"45.506198,9.2654798",2.0
"45.5074172,-73.5786696",0.0
"45.5092094,-73.5807588",36.0
"45.5098717,9.186033",2.0
"45.5118121,-122.686121",9.0
"45.5200112,9.1060927",0.0
"45.5202471,-122.674194",0.0
"45.5206825,9.2108483",0.0
"45.5277173,10.2334024",0.0
"45.5309291,-122.5628898",0.0
"45.5364847,9.2190931",0.0
"45.5365886,10.2252091",0.0
"45.5445548,-122.6701636",2.0
"45.549977,-94.1514779",0.0
"45.5563987,11.5461965",0.0
"45.5583175,-122.9218439",0.0
"45.5792545,9.2591355",0.0
"45.58425,8.545997",0.0
"45.602275,9.2604939",0.0
"45.6359387,13.7842799",0.0
"45.6455635,13.8107684",0.0
"45.6496485,13.7772781",10.0
"45.6985375,126.6372431",0.0
"45.6994309,126.6140271",0.0
"45.7028321,4.8241323",0.0
"45.7037976,4.7993414",3.0
"45.7051232,-121.524199",0.0
"45.7052646,4.8093486",0.0
"45.7297811,4.8265819",0.0
"45.7337532,4.9092352",0.0
"45.7352748,7.29962",0.0
"45.7412288,4.8777566",0.0
"45.741589,126.6255626",0.0
"45.7428664,4.8652997",0.0
"45.7496901,4.83593",0.0
"45.7566557,9.7542192",0.0
"45.7578137,4.8320114",0.0
"45.7579456,3.0931211",0.0
"45.7593633,126.6276177",0.0
"45.7795805,10.425873",0.0
"45.7816985,4.8308981",0.0
"45.7822169,4.876954",15.0
"45.7833188,-108.596654",0.0
"45.7859019,3.1106692",0.0
"45.8050097,15.9810388",51.0
"45.8130967,15.9772795",49.0
"45.8141537,1.2367819",0.0
"45.8142652,8.8273962",2.0
"45.8145036,1.2359071",10.0
"45.8168948,15.897824",0.0
"45.8354243,1.2644847",0.0
"45.8399103,8.754179",0.0
"45.9581509,13.6474998",0.0
"46.0038007,8.9512275",10.0
"46.0133003,8.9674303",7.0
"46.0634632,13.2358377",18.0
"46.0644488,12.5905671",0.0
"46.0674564,11.1511812",0.0
"46.0733926,18.2202173",0.0
"46.0744053,14.5141463",0.0
"46.1444789,6.0812467",1.0
"46.1601054,-1.1436718",3.0
"46.1683113,6.117887",11.0
"46.192003,6.1479499",39.0
"46.1920538,9.0205888",0.0
"46.2017559,6.1466014",29.0
"46.2258998,-119.2322826",0.0
"46.2546312,20.1486016",0.0
"46.4643684,-81.0022135",0.0
"46.5218269,6.6327025",5.0
"46.525508,6.6422687",4.0
"46.5350938,24.5891788",0.0
"46.547327,6.6726245",1.0
"46.5592671,0.3814136",0.0
"46.5744465,-120.4905565",0.0
"46.5802596,0.340196",0.0
"46.6682976,-1.4134951",0.0
"46.7237978,-117.0206648",0.0
"46.769379,23.5899542",48.0
"46.7947224,-1.3210389",0.0
"46.8137431,-71.2084061",0.0
"46.8386833,-71.2278112",0.0
"46.9484742,7.4521749",45.0
"47.0708678,15.4382786",0.0
"47.080878,15.4692124",0.0
"47.0840364,15.4672054",0.0
"47.0883929,17.9084885",0.0
"47.1486137,8.5539378",0.0
"47.1706682,8.5153755",0.0
"47.2009882,-1.5582433",0.0
"47.2186371,-1.5541362",8.0
"47.2233007,-1.6346964",0.0
"47.2250397,5.9621933",0.0
"47.2454573,-1.5519856",0.0
"47.2602296,11.3815795",0.0
"47.2611394,11.3819101",0.0
"47.2654296,11.3927685",0.0
"47.3117986,7.7652017",0.0
"47.3197956,5.0659964",0.0
"47.3215806,5.0414701",0.0
"47.3480703,8.5642864",3.0
"47.3572225,0.702357",5.0
"47.3744489,8.5410422",12.0
"47.3972917,8.4459191",0.0
"47.398483,8.4579324",0.0
"47.39873,8.45114",0.0
"47.3994854,8.5428339",6.0
"47.4070889,8.5086088",1.0
"47.4306872,9.3873288",5.0
"47.4739884,-0.5515588",0.0
"47.4836969,19.0818525",0.0
"47.4934799,19.0618993",0.0
"47.4968435,8.7298072",4.0
"47.5043424,19.0162922",0.0
"47.5172321,8.5407118",0.0
"47.531399,21.6259782",0.0
"47.5510799,7.5365611",1.0
"47.5549739,7.5857736",15.0
"47.5581077,7.5878261",15.0
"47.5611249,7.582399",13.0
"47.5612651,7.5752961",11.0
"47.5615654,7.5824542",13.0
"47.5616817,7.5831365",13.0
"47.5627681,7.5809473",12.0
"47.563693,7.5797983",12.0
"47.5713607,7.5925045",12.0
"47.580138,-122.3273036",0.0
"47.5985061,-122.3344257",0.0
"47.6038321,-122.330062",0.0
"47.6084541,-122.3264305",0.0
"47.6228257,-122.3420948",0.0
"47.6277525,-122.330673",0.0
"47.6464362,9.1725621",3.0
"47.6499419,-122.1343502",0.0
"47.6554303,-122.3001692",0.0
"47.6606992,-117.4061772",0.0
"47.6631154,-122.282532",0.0
"47.6721659,17.6487946",0.0
"47.723396,7.3449772",0.0
"47.7518502,11.3763014",0.0
"47.7743622,11.3750651",0.0
"47.7981346,13.0464806",0.0
"47.8006712,-122.3281476",0.0
"47.8243682,13.0453162",0.0
"47.8298601,-122.2080453",0.0
"47.9960901,7.8494005",21.0
"48.0070218,7.837321",0.0
"48.0154142,0.1777417",0.0
"48.0180618,0.1775265",0.0
"48.0984413,9.7899938",0.0
"48.1024739,11.4250084",0.0
"48.103742,11.4220029",0.0
"48.1102896,11.4337876",0.0
"48.1107057,11.4693622",0.0
"48.1107871,11.4615268",0.0
"48.1113387,-1.6800198",0.0
"48.1192077,-1.696074",0.0
"48.1197621,-1.6958158",0.0
"48.1197799,-1.6038829",0.0
"48.1206565,7.850993",0.0
"48.1207424,-1.6948572",0.0
"48.1263835,11.5583077",7.0
"48.1371079,11.5753822",0.0
"48.1393269,11.6025582",0.0
"48.1490716,11.5674463",0.0
"48.149703,11.5805338",0.0
"48.1504758,11.5798356",0.0
"48.1516988,17.1093063",0.0
"48.1521649,11.581535",45.0
"48.1530343,11.5500495",0.0
"48.1695425,16.3174233",1.0
"48.1709654,11.5775551",0.0
"48.1791445,11.5536691",0.0
"48.1880788,16.4021847",0.0
"48.1884344,16.3988243",0.0
"48.1892205,16.4026608",0.0
"48.1985397,16.3698617",0.0
"48.1995552,16.291749",0.0
"48.2025173,16.3469613",37.0
"48.2043985,15.6229118",0.0
"48.2083537,16.3725042",0.0
"48.2131278,16.3606855",58.0
"48.2151415,16.4052807",0.0
"48.2153888,16.3544476",0.0
"48.2195906,16.3514388",0.0
"48.2213102,11.59294",0.0
"48.221767,11.5876284",0.0
"48.222814,16.3564905",0.0
"48.2548154,16.4304238",1.0
"48.2620107,11.6736045",0.0
"48.2873301,14.3074202",3.0
"48.3059078,14.286198",10.0
"48.3616955,134.2873256",0.0
"48.3690341,10.8979522",3.0
"48.3905283,-4.4860088",0.0
"48.3984968,9.9912458",1.0
"48.4008273,11.7439565",7.0
"48.4120285,15.6155879",0.0
"48.4283182,-123.364953",0.0
"48.4438601,1.4881434",0.0
"48.4607536,9.1554976",0.0
"48.5141134,-2.7603283",0.0
"48.5203263,9.053596",0.0
"48.5227184,9.060626",10.0
"48.5242506,7.7428227",7.0
"48.5298981,9.0404323",5.0
"48.5340595,9.0712444",0.0
"48.5409562,9.055077",0.0
"48.545762,9.0430102",0.0
"48.5816385,7.7646108",0.0
"48.584614,7.7507127",0.0
"48.5860149,7.7089968",0.0
"48.5915938,7.7069086",0.0
"48.6137734,2.4818087",0.0
"48.6295902,2.4397817",0.0
"48.6318013,2.4321278",0.0
"48.6599676,6.1724618",0.0
"48.6879012,6.1736331",0.0
"48.6937223,6.1834097",0.0
"48.6961515,6.1765878",0.0
"48.699184,2.187457",0.0
"48.7018823,2.134529",2.0
"48.7133801,9.212073",0.0
"48.7147932,2.228658",0.0
"48.7344966,2.168319",0.0
"48.7408353,9.0987156",0.0
"48.7453828,9.1032675",0.0
"48.7771486,2.4530731",0.0
"48.7784485,9.1800132",0.0
"48.7784893,2.2453539",0.0
"48.7798117,4.5154884",0.0
"48.7830896,2.4147424",0.0
"48.7843879,9.1723935",0.0
"48.7911052,2.2870373",0.0
"48.7921098,2.3633048",0.0
"48.7923766,2.3598751",1.0
"48.7945257,2.3542409",0.0
"48.7951951,2.3486119",0.0
"48.7965078,2.4523576",0.0
"48.8091747,2.3524371",0.0
"48.8093374,2.3629202",0.0
"48.8125893,2.3570028",0.0
"48.8140693,2.2557002",0.0
"48.8227428,2.333012",0.0
"48.8264842,2.1257808",1.0
"48.8283881,2.3622654",0.0
"48.8297201,2.3398294",0.0
"48.8315399,2.1257109",0.0
"48.8349737,2.421318",0.0
"48.8356649,2.240206",0.0
"48.8365673,2.3713526",0.0
"48.8369881,2.3401891",77.0
"48.8375846,2.3652545",56.0
"48.8379885,2.3611216",0.0
"48.8393966,2.3097511",18.0
"48.8400305,2.3101796",0.0
"48.8400759,2.2928478",0.0
"48.8417072,2.3447923",0.0
"48.8431857,2.3465753",0.0
"48.8435834,2.4010241",4.0
"48.8437412,2.219344",0.0
"48.8441037,1.9326285",0.0
"48.8441489,2.3439751",0.0
"48.8460247,2.3132671",29.0
"48.8468997,2.3574487",75.0
"48.8476119,2.3828842",0.0
"48.8485623,2.3824305",0.0
"48.8487592,2.3453784",0.0
"48.8491669,2.3329286",0.0
"48.8493233,2.3461573",0.0
"48.8514684,2.341089",0.0
"48.8534951,2.3483915",74.0
"48.854654,2.3378386",65.0
"48.8588897,2.320041",0.0
"48.8708072,2.2220881",0.0
"48.8709053,2.2255727",0.0
"48.8731393,9.4155495",0.0
"48.8738275,2.3677007",4.0
"48.8746306,2.3667266",0.0
"48.8852958,2.4358326",0.0
"48.8980488,2.5665625",0.0
"48.8986494,2.3306135",0.0
"48.8989955,2.3305746",0.0
"48.9074378,2.4398368",1.0
"48.9082025,2.3103527",2.0
"48.9147036,2.4239248",0.0
"48.9444946,2.2364447",0.0
"49.0123942,8.4137718",0.0
"49.0177274,8.3724281",0.0
"49.0195333,12.0974869",0.0
"49.0832531,6.240772",0.0
"49.1124305,9.7371246",0.0
"49.1460165,31.2271744",0.0
"49.1813403,-0.3635615",0.0
"49.2038911,-0.3593326",24.0
"49.2058921,-0.3548139",0.0
"49.2099967,16.5992487",14.0
"49.2272392,4.0225532",0.0
"49.2577886,4.031926",0.0
"49.2578915,-123.2429755",0.0
"49.2608724,-123.113952",6.0
"49.2767096,-122.917803",0.0
"49.3849168,1.0720751",0.0
"49.4093582,8.694724",8.0
"49.4147316,8.6732292",0.0
"49.4182687,8.691358",0.0
"49.4201502,8.6838559",7.0
"49.4224218,8.675052",6.0
"49.439668,1.1069013",6.0
"49.4404591,1.0939658",0.0
"49.4414169,7.7560839",5.0
"49.4470221,7.7592805",0.0
"49.453872,11.077298",0.0
"49.4885711,10.9587203",0.0
"49.4892913,8.4673098",0.0
"49.5038172,5.9312955",0.0
"49.5891571,10.9812072",0.0
"49.5940567,17.251143",0.0
"49.5960693,11.0015908",0.0
"49.5994466,11.0123741",0.0
"49.601051,6.0639946",0.0
"49.7107134,7.3136563",0.0
"49.7544449,6.6310206",2.0
"49.7780356,9.9434769",0.0
"49.8079297,9.9569096",0.0
"49.8364324,18.2901697",0.0
"49.8605535,3.2692222",0.0
"49.8726613,2.2546537",0.0
"49.872775,8.651177",0.0
"49.8771355,8.6538436",5.0
"49.8771415,10.8769166",1.0
"49.8879177,-119.495902",1.0
"49.9042395,-97.1617229",0.0
"49.9270796,11.5872266",0.0
"49.9706701,9.1384857",0.0
"49.9877842,8.2713763",0.0
"49.9888867,8.2692284",0.0
"49.9925656,8.2572549",7.0
"49.9995205,8.2736253",0.0
"5.3574323,100.3035504",0.0
"50.000678,-86.000977",0.0
"50.0062753,8.6485417",0.0
"50.0464196,8.6717748",0.0
"50.0469432,19.9971534",0.0
"50.0653313,8.1919494",1.0
"50.0874654,14.4212535",0.0
"50.0888947,14.4162757",30.0
"50.0971832,8.6706196",0.0
"50.1106444,8.6820917",0.0
"50.1174667,8.6498444",0.0
"50.132881,8.9169797",0.0
"50.2092113,15.8327512",0.0
"50.2606627,19.0292035",0.0
"50.3260425,4.877815",0.0
"50.3533278,7.5943951",0.0
"50.3714122,-4.1424451",0.0
"50.3757001,-4.1393786",0.0
"50.4116233,4.444528",0.0
"50.4171661,-4.116519",0.0
"50.4392751,2.8183014",0.0
"50.4808298,23.0540591",0.0
"50.5514658,9.6762161",0.0
"50.5724863,5.5671375",0.0
"50.6082902,3.0346244",0.0
"50.6092268,3.1408915",0.0
"50.6105228,3.0347247",0.0
"50.6129218,3.0364944",0.0
"50.6204386,-3.4124761",0.0
"50.6285707,3.125956",0.0
"50.6302546,3.0763373",0.0
"50.6365654,3.0635282",0.0
"50.6450944,5.5736112",5.0
"50.6598651,4.6283744",0.0
"50.6691577,3.1312447",0.0
"50.6967157,7.1074641",0.0
"50.7139534,3.1560834",3.0
"50.7155024,4.596625",0.0
"50.7352621,7.1024635",0.0
"50.7737337,6.0362387",0.0
"50.776351,6.083862",0.0
"50.7791732,6.0689207",0.0
"50.8057129,3.2915374",0.0
"50.8090106,8.7704695",0.0
"50.8123685,4.2625901",0.0
"50.8124763,8.7722345",0.0
"50.8212043,4.3495585",0.0
"50.8240378,4.3987584",0.0
"50.8428343,-0.7699949",0.0
"50.8467372,4.352493",0.0
"50.847936,12.8925361",0.0
"50.8503788,-1.0697372",0.0
"50.8512438,5.6909768",0.0
"50.8534643,4.3611421",0.0
"50.8579855,5.6969882",8.0
"50.8632746,4.676289",0.0
"50.869439,-0.0888082",0.0
"50.8720776,20.6030644",0.0
"50.8724755,0.6069948",0.0
"50.877761,4.693372",214.0
"50.879202,4.7011675",200.0
"50.8801368,4.6934209",0.0
"50.8928032,4.4174664",0.0
"50.9047974,11.5624223",0.0
"50.9251886,6.9200235",4.0
"50.9280445,6.9281305",5.0
"50.9281717,11.5879359",0.0
"50.9341805,-1.3974844",0.0
"50.938361,6.959974",0.0
"50.9475427,6.962135",5.0
"50.987595,6.8819133",0.0
"51.0004741,3.7161825",1.0
"51.0040748,3.7093758",0.0
"51.0054692,3.7423498",0.0
"51.0078485,3.7108831",0.0
"51.0094043,5.8376058",0.0
"51.0235356,3.726631",7.0
"51.029783,7.0310883",0.0
"51.029867,13.7303171",0.0
"51.0360298,13.7356975",12.0
"51.04123,3.3972673",0.0
"51.0456064,-114.057541",0.0
"51.0493286,13.7381437",0.0
"51.0538286,3.7250121",16.0
"51.0541841,13.7702132",0.0
"51.0564931,13.7767608",0.0
"51.0658568,3.7253367",0.0
"51.075054,-114.138805",0.0
"51.1089776,17.0326689",89.0
"51.109739,17.0719281",0.0
"51.1548066,4.4458312",0.0
"51.1562227,4.4328698",0.0
"51.1700864,4.3942577",2.0
"51.2211097,4.3997081",0.0
"51.2359614,6.7855568",0.0
"51.2430782,-0.5900545",2.0
"51.250559,22.5701022",0.0
"51.2574946,0.0004033",0.0
"51.2800275,1.0802533",0.0
"51.298671,4.4900425",0.0
"51.3191388,4.8564494",0.0
"51.3273963,12.3908893",54.0
"51.3318979,12.3905139",0.0
"51.3388432,12.5166538",0.0
"51.3592475,-0.1401304",0.0
"51.3766938,-2.3234206",1.0
"51.392296,-0.5038294",0.0
"51.426433,-0.175836",0.0
"51.4392648,5.478633",0.0
"51.4396851,6.9839192",2.0
"51.4430141,-2.5816622",0.0
"51.4441576,7.2610046",0.0
"51.4486602,5.4903996",0.0
"51.4521882,7.3571148",0.0
"51.4582235,7.0158171",0.0
"51.4614206,-0.9315678",0.0
"51.4641041,7.005847",0.0
"51.4656926,5.4720365",0.0
"51.4816546,-3.1791934",2.0
"51.4824354,11.9712985",0.0
"51.4843131,-0.1813433",0.0
"51.4871453,-0.1699029",7.0
"51.4969164,-2.5914217",0.0
"51.4989595,-0.1756407",7.0
"51.500021,-0.192442",5.0
"51.5005829,-0.1538727",0.0
"51.5019892,-0.116415",0.0
"51.5030855,-0.0900021",17.0
"51.5031033,3.8897596",0.0
"51.5032099,-0.0867273",0.0
"51.5067253,-3.1894874",0.0
"51.5069061,-3.1894606",0.0
"51.5074456,-0.1277653",0.0
"51.5082375,11.9058031",0.0
"51.5124466,-0.1151694",71.0
"51.5134792,-0.2278381",0.0
"51.5142273,7.4652789",4.0
"51.5146063,-0.1164509",0.0
"51.5152136,7.1820927",0.0
"51.5161629,-0.1744856",0.0
"51.5162436,-0.234421",3.0
"51.5164974,-0.6234006",0.0
"51.5202922,-0.0737543",0.0
"51.5209537,-0.1303714",0.0
"51.521306,-0.081515",0.0
"51.5223053,-0.1001082",0.0
"51.5232922,-0.1346204",0.0
"51.5234763,-0.118617",70.0
"51.5235301,-0.1194982",70.0
"51.5238591,-0.1341273",0.0
"51.524203,-0.1330007",0.0
"51.5247403,-0.0393136",0.0
"51.5279823,4.4389683",0.0
"51.5315299,-0.1287829",0.0
"51.5315868,-0.4661953",0.0
"51.5328328,9.9351811",15.0
"51.5341025,9.9378399",0.0
"51.5386542,-1.7281838",0.0
"51.5449509,-0.4816672",0.0
"51.5508194,9.9428282",0.0
"51.5567163,30.6121981",0.0
"51.5630609,5.0435985",4.0
"51.5755926,-1.3175166",0.0
"51.5775499,5.0594933",4.0
"51.579868,-0.4177766",0.0
"51.5819839,4.7964433",0.0
"51.6051713,-0.4205812",0.0
"51.6189634,-3.8841088",0.0
"51.6195955,-3.9459248",0.0
"51.6555295,-0.2764051",0.0
"51.6714842,-1.2779715",0.0
"51.6851295,5.2760132",0.0
"51.7311147,19.4565369",0.0
"51.7515649,-1.2164271",0.0
"51.7519229,-1.214095",0.0
"51.7520131,-1.2578499",62.0
"51.7525461,-1.2143168",0.0
"51.7619329,5.5362537",0.0
"51.7634675,-0.2258741",0.0
"51.7765913,19.4858644",0.0
"51.7919739,4.6824963",0.0
"51.8031083,-0.2068872",0.0
"51.8175358,5.831129",0.0
"51.8176588,12.1958842",0.0
"51.8215173,5.8634329",0.0
"51.8474946,5.8637771",0.0
"51.8794312,4.5354104",0.0
"51.8925903,-0.2010976",0.0
"51.8947012,-8.4903105",0.0
"51.9109324,4.4680514",0.0
"51.9244424,4.47775",0.0
"51.9324359,7.6142988",0.0
"51.9386642,4.5626815",0.0
"51.9625101,7.6251879",0.0
"51.9673422,7.5992433",0.0
"51.9973845,4.3376359",0.0
"51.9988274,4.3739604",0.0
"52.0114017,4.35839",0.0
"52.0191005,8.531007",2.0
"52.0248294,5.081512",0.0
"52.0304011,4.3407717",0.0
"52.0622892,4.4877545",0.0
"52.0799838,4.3113461",0.0
"52.0848693,0.1792608",0.0
"52.0868559,5.1766352",0.0
"52.0870179,5.1801005",2.0
"52.0904211,5.1786375",0.0
"52.0905618,5.1770943",3.0
"52.0907006,5.1215634",0.0
"52.0909093,5.1770968",3.0
"52.0928174,5.1211367",0.0
"52.0942343,5.1211881",0.0
"52.1289693,5.2046134",0.0
"52.1314783,11.6400789",0.0
"52.1465631,21.0317434",0.0
"52.1536132,21.0082273",2.0
"52.1594747,4.4908843",0.0
"52.1637703,5.4088845",0.0
"52.1667313,4.4666545",0.0
"52.1736913,0.1379141",0.0
"52.1747413,4.4722406",0.0
"52.1748791,0.1407083",0.0
"52.1902063,0.1212483",65.0
"52.1904423,0.1343133",0.0
"52.1955028,0.1302392",69.0
"52.1975846,0.1391537",0.0
"52.1978472,0.1413712",0.0
"52.1995209,0.1225859",0.0
"52.2059748,20.9844036",0.0
"52.2093194,0.0926891",0.0
"52.2138584,10.5243728",0.0
"52.2138636,21.0037346",0.0
"52.2156976,5.2013391",0.0
"52.2158989,6.8914402",0.0
"52.2236906,20.9992714",0.0
"52.2242763,21.022653",0.0
"52.2251416,21.0004981",0.0
"52.2319581,21.0067249",0.0
"52.2333742,21.0711489",0.0
"52.235055,0.1535868",0.0
"52.2379321,10.5475691",0.0
"52.2433268,6.8509157",0.0
"52.2646577,10.5236066",0.0
"52.2727283,0.1806101",0.0
"52.3246971,4.6539887",0.0
"52.3340539,4.8651882",0.0
"52.3367355,4.8591489",0.0
"52.3372479,4.8862188",0.0
"52.3396241,4.8443632",0.0
"52.3501135,4.8257529",0.0
"52.3507038,4.8193837",0.0
"52.3681334,4.8898042",0.0
"52.3730796,4.8924534",0.0
"52.3744779,9.7385532",0.0
"52.3765974,9.8013658",9.0
"52.3810122,13.0209459",0.0
"52.3813073,-1.5639569",1.0
"52.4006632,16.9197326",26.0
"52.4082663,16.9335199",0.0
"52.4225832,4.6505976",0.0
"52.4265431,30.9982094",0.0
"52.4504333,-1.9320033",0.0
"52.4517147,-1.9423655",0.0
"52.4811517,-1.9008278",0.0
"52.4852606,-1.8877539",0.0
"52.4926055,13.3553355",0.0
"52.4948994,-1.8518439",0.0
"52.5006167,13.4648062",0.0
"52.5124333,6.1243256",0.0
"52.5173885,13.3951309",0.0
"52.5249777,13.3755917",0.0
"52.5255105,13.4393691",0.0
"52.5299885,13.3486639",0.0
"52.5415792,13.3495465",0.0
"52.6087005,-1.114824",0.0
"52.63108,13.5077151",0.0
"52.6362,-1.1331969",0.0
"52.6732581,-8.5698097",0.0
"52.763845,-1.2372582",2.0
"52.8572575,-8.9374359",0.0
"52.91164,-1.1866048",0.0
"52.9243859,12.8092919",0.0
"52.9387428,-1.2002957",0.0
"52.9534193,-1.1496461",0.0
"53.0063542,-2.2665416",0.0
"53.0745692,8.840024",0.0
"53.0758196,8.8071646",1.0
"53.111788,8.2171526",0.0
"53.1245389,18.0076457",0.0
"53.1257126,8.7457778",0.0
"53.1297127,18.0294488",0.0
"53.2005936,5.7918548",0.0
"53.2190652,6.5680077",0.0
"53.2194416,6.5629863",0.0
"53.2606635,-2.1255158",0.0
"53.2744122,-9.0490601",6.0
"53.2936337,-9.0750599",0.0
"53.3018639,-6.1788342",0.0
"53.3261794,-6.3189039",0.0
"53.3325789,-3.028235",0.0
"53.3401224,-6.295578",0.0
"53.3437061,-6.2544278",21.0
"53.3493795,-6.2605593",0.0
"53.3592257,-6.2670593",0.0
"53.3729622,-1.5059315",2.0
"53.3806626,-1.4702278",0.0
"53.3894874,-6.2247288",0.0
"53.3933411,-2.9166389",0.0
"53.4072429,-2.9658326",5.0
"53.4184065,14.5356853",0.0
"53.4424618,-2.2324547",0.0
"53.4605509,-2.2246555",9.0
"53.4615125,9.6767909",0.0
"53.4629229,-2.2261028",0.0
"53.4660226,-2.2330858",0.0
"53.4674867,-2.9346141",0.0
"53.4794892,-2.2451148",0.0
"53.5181792,-113.5310473",0.0
"53.5198507,-113.524234",0.0
"53.52682,-113.5244937",0.0
"53.5501721,10.0013165",0.0
"53.5503014,9.9644011",0.0
"53.5598876,10.0176941",13.0
"53.6288297,11.4148038",0.0
"53.6635561,10.2835977",0.0
"53.6834599,23.8342648",0.0
"53.7593363,-2.6992717",0.0
"53.7926764,-1.764214",0.0
"53.7974185,-1.5437941",0.0
"53.8065718,-1.5557853",0.0
"53.9453912,-1.0314589",0.0
"53.9484064,-1.0288916",0.0
"53.9698896,-1.0831486",7.0
"54.0098429,-2.7875768",0.0
"54.0886707,12.1400211",0.0
"54.095791,13.3815238",0.0
"54.3227085,10.135555",0.0
"54.3324179,10.1798014",4.0
"54.3601742,18.6237828",0.0
"54.6087062,-5.9399367",1.0
"54.8461252,83.0942166",0.0
"54.9216092,83.1903877",0.0
"54.9795431,-1.6196601",3.0
"54.9801751,-1.6146802",3.0
"54.991375,73.371529",0.0
"55.002468,-1.5937829",0.0
"55.3855987,10.3641159",0.0
"55.4565009,12.1818964",0.0
"55.5321257,-106.141224",0.0
"55.625578,37.6063916",2.0
"55.6801502,12.572327",0.0
"55.6867243,12.5700724",19.0
"55.701189,37.527634",26.0
"55.7029296,13.1929449",15.0
"55.7062098,12.5414024",0.0
"55.7108089,37.5789699",0.0
"55.7115222,13.2179207",0.0
"55.7126504,13.2107587",0.0
"55.7144359,37.5875745",20.0
"55.7168657,9.5364928",0.0
"55.7175098,13.2138708",0.0
"55.7337528,12.4294486",0.0
"55.7505412,37.6174782",45.0
"55.753393,12.300124",0.0
"55.7854145,12.5202151",0.0
"55.7903716,49.1207062",37.0
"55.861155,-4.2501687",0.0
"55.861703,-4.3415644",0.0
"55.8618812,-4.2419566",0.0
"55.8727036,-4.2919966",0.0
"55.9062143,-4.4262603",0.0
"55.920912,-3.1378615",0.0
"55.9533456,-3.1883749",0.0
"55.9632203,-3.2321826",0.0
"56.1496278,10.2134046",0.0
"56.1670905,10.2026177",0.0
"56.3264816,44.0051395",0.0
"56.4579676,-2.9821483",4.0
"56.9493977,24.1051846",28.0
"57.0462626,9.9215263",0.0
"57.1482429,-2.0928095",1.0
"57.153534,65.542274",0.0
"57.1645542,-2.1018424",0.0
"57.6864579,11.9589874",0.0
"57.6897462,11.9765259",2.0
"57.7056629,11.9362353",0.0
"57.7072326,11.9670171",0.0
"58.3942082,13.8548852",1.0
"59.219527,17.9405228",0.0
"59.2195496,17.9400549",2.0
"59.2539921,15.2487679",0.0
"59.3251172,18.0710935",0.0
"59.350096,18.0222849",0.0
"59.3515453,18.0310658",0.0
"59.8576363,17.6294616",0.0
"59.9133301,10.7389701",0.0
"59.9310832,10.6625929",0.0
"59.9413211,10.7373109",0.0
"59.9606739,30.1586551",0.0
"6.0215806,37.5511256",0.0
"6.2697324,-75.6025597",0.0
"60.0089271,30.2973156",0.0
"60.0148023,30.3683835",12.0
"60.1666204,24.9435408",0.0
"60.1860789,24.8281018",0.0
"60.1898575,24.9117326",0.0
"60.2267221,25.01767",0.0
"60.4515932,22.2669991",0.0
"60.4521139,22.2823403",0.0
"60.4548945,22.2860063",4.0
"60.4560732,22.2864097",4.0
"61.4496967,23.8587485",0.0
"61.4977988,23.7616335",0.0
"61.7916347,34.3787803",0.0
"62.9076127,27.6489385",0.0
"63.4304475,10.3952118",6.0
"63.4480239,10.4536394",0.0
"63.8217763,20.3043163",0.0
"65.0593277,25.4673577",0.0
"67.6239739,-146.1323113",0.0
"69.683892,18.9825454",1.0
"7.0096597,100.4959583",0.0
"7.4035377,3.9003474",0.0
"8.8573752,76.6758593",0.0
